dialogue_id,utterance,domain,active_intent,slots,requested_slots
SNG02022.json,I am looking for the Addenbrookes Hospital with hepatology department,hospital,find_hospital,{'hospital-department': ['hepatology']},[]
PMUL0396.json,I'm planning a trip to cambridge and need a place to dine. Can you find something that serves jamaican food in the centre?,restaurant,find_restaurant,"{'restaurant-area': ['centre'], 'restaurant-food': ['jamaican']}",[]
PMUL4452.json,I am traveling to Cambridge and looking forward to try local restaurants.,restaurant,find_restaurant,{},[]
SNG01863.json,I want to go to castle galleries.,restaurant,NONE,{},[]
PMUL3490.json,I am looking for information. Can you help me with a place to stay while I'm in town?,restaurant,NONE,{},[]
SSNG0200.json,"I'm looking for cafe uno, can you help me find where it is?",restaurant,find_restaurant,{'restaurant-name': ['cafe uno']},[]
SNG0028.json,Thank you so much! That is all I need for now.,restaurant,NONE,{},[]
PMUL4102.json,I'll be leaving Cambridge and traveling to Birmingham New Street.,restaurant,NONE,{},[]
SNG01604.json,I'm looking for a the Parkside police station.,restaurant,NONE,{},[]
PMUL0388.json,Hi! I am looking for a turkish food restaurant around the centre.,restaurant,find_restaurant,"{'restaurant-area': ['centre'], 'restaurant-food': ['turkish']}",[]
SNG01971.json,I am looking for a particular restaurant. Its name is called prezzo,restaurant,find_restaurant,{'restaurant-name': ['prezzo']},[]
PMUL0087.json,Where can I find the Express by Holiday Inn in Cambridge?,restaurant,NONE,{},[]
MUL2198.json,I am leaving Leicester and going to Cambridge.,restaurant,NONE,{},[]
SNG0191.json,I am looking for a hospital in town.,restaurant,find_restaurant,"{'restaurant-area': ['dontcare'], 'restaurant-food': ['dontcare'], 'restaurant-name': ['dontcare'], 'restaurant-pricerange': ['cheap']}",[]
SNG0421.json,"One ticket just for myself, though I need to arrive by 09:45.",restaurant,NONE,{},[]
PMUL3025.json,I'm planning a trip to Cambridge and will need a place to stay. I prefer a guesthouse with 3 stars and should include free wifi.,restaurant,NONE,{},[]
PMUL1705.json,I need a place to stay in the west.,restaurant,NONE,{},[]
PMUL4020.json,I am looking for information in Cambridge,restaurant,NONE,{},[]
PMUL1112.json,"We want info about a particular attraction, Christ's college.",attraction,find_attraction,"{'attraction-name': ['christ college', ""christ's college""]}",[]
PMUL4350.json,I am going to London Liverpool Street and need to leave Cambridge after 14:45.,restaurant,NONE,{},[]
PMUL1474.json,I am leaving London Kings Cross and I need to arrive by 14:15.,restaurant,NONE,{},[]
MUL1653.json,I'm looking for a cheap restaurant in the centre.,restaurant,find_restaurant,"{'restaurant-area': ['centre'], 'restaurant-pricerange': ['cheap']}",[]
SNG01336.json,I want to arrive there by 07:00,restaurant,NONE,{},[]
PMUL0059.json,I'm looking to find out some information about a restaurant called Travellers Rest.,restaurant,find_restaurant,{'restaurant-name': ['travellers rest']},[]
SNG0552.json,Are there any expensive British restaurants in town?,restaurant,find_restaurant,{'restaurant-pricerange': ['expensive']},[]
PMUL2875.json,"Hi! I'd like a hotel with a 4 star rating and free parking, please.",restaurant,NONE,{},[]
PMUL4525.json,I need to leave on Thursday.,restaurant,NONE,{},[]
SNG01448.json,Am looking for the Parkside Police Station,restaurant,NONE,{},[]
MUL2474.json,"Yes, I'd like to know what there is to see in the center of town.",attraction,find_attraction,{'attraction-area': ['centre']},[]
MUL1582.json,Hi! My friends told me about a restaurant called the nirala. What can you tell me about it?,restaurant,find_restaurant,{'restaurant-name': ['nirala']},[]
MUL0053.json,I need a place to stay in Cambridge that is rated 4 stars and has free wifi.,restaurant,NONE,{},[]
PMUL4328.json,I am looking for information in Cambridge,restaurant,NONE,{},[]
PMUL2262.json,"Hello, I am in the centre of town, what types of attractions are available here?",attraction,find_attraction,{'attraction-area': ['centre']},['attraction-type']
WOZ20070.json,"I'm looking for a Swedish restaurant, preferably in the expensive price range.",restaurant,find_restaurant,"{'restaurant-food': ['swedish'], 'restaurant-pricerange': ['expensive']}",[]
PMUL2031.json,Please help me find people's portraits exhibition at girton college.,attraction,find_attraction,"{'attraction-name': [""people's portraits exhibition at girton college"", 'peoples portraits exhibition at girton college']}",[]
PMUL3136.json,Is there one that leaves after 10:00?,restaurant,NONE,{},[]
MUL2242.json,I'm looking for lodgings offering free wifi and free parking.,restaurant,NONE,{},[]
PMUL2407.json,I'd like to find an interesting attraction in the city center.,attraction,find_attraction,{'attraction-area': ['centre']},[]
MUL1932.json,I'm looking for a place to go in the centre.,attraction,find_attraction,{'attraction-area': ['centre']},[]
SNG01234.json,I am looking for the Addenbrookes Hospital. The hospital should have the paediatric clinic department,hospital,find_hospital,{'hospital-department': ['paediatric clinic']},[]
PMUL3833.json,I'm going to be leaving birmingham new street and need to arrive by 17:45,restaurant,NONE,{},[]
WOZ20211.json,I am looking for a cheap restaurant in the north part of town.,restaurant,find_restaurant,"{'restaurant-area': ['north'], 'restaurant-pricerange': ['cheap']}",[]
MUL0989.json,I'm visiting Cambridge soon and would like to visit a museum in the centre. Can you help me with that?,attraction,find_attraction,"{'attraction-area': ['centre'], 'attraction-type': ['museum']}",[]
MUL1519.json,"Yes, I need help finding a restaurant there in Cambridge.",restaurant,find_restaurant,{},[]
PMUL3013.json,I'm bored and need to venture out into the centre. What should I absolutely go see?,attraction,find_attraction,{'attraction-area': ['centre']},[]
PMUL1924.json,"Hi, I'm looking for a hotel by the name of Acorn Guest House.",restaurant,NONE,{},[]
SNG0349.json,I'm departing from Norwich on Tuesday and need to arrive in Cambridge by 09:15.,restaurant,NONE,{},[]
PMUL4038.json,I want to find out about expensive restaurants in the centre.,restaurant,find_restaurant,"{'restaurant-area': ['centre'], 'restaurant-pricerange': ['expensive']}",[]
SNG01990.json,I'm looking to find Addenbrookes Hospital please.,restaurant,NONE,{},[]
PMUL2001.json,Hi I am looking for an entertainment venue in the centre of town.,attraction,find_attraction,"{'attraction-area': ['centre'], 'attraction-type': ['entertainment']}",[]
MUL1558.json,"Hello, I'm looking for a restaurant that serves North American food.",restaurant,find_restaurant,{'restaurant-food': ['north american']},[]
WOZ20346.json,I want to find a restaurant in any area and servings persian food.,restaurant,find_restaurant,"{'restaurant-area': ['dontcare'], 'restaurant-food': ['persian']}",[]
PMUL2924.json,Are there any theatres nearby?,attraction,find_attraction,{'attraction-type': ['theatre']},[]
PMUL2024.json,I want a french restaurant on the west side please.,restaurant,find_restaurant,"{'restaurant-area': ['west'], 'restaurant-food': ['french']}",[]
SNG0214.json,I am trying to find a hospital that has a transplant high dependency unit.,hospital,find_hospital,{'hospital-department': ['transplant high dependency unit']},[]
PMUL3327.json,I will be departing from Cambridge after 12:15..,restaurant,NONE,{},[]
PMUL4566.json,"I can't seem to find any information about the cambridge and county folk museum, please help.",attraction,find_attraction,{'attraction-name': ['cambridge and county folk museum']},[]
MUL1111.json,Are there any places to go in the west of town?,attraction,find_attraction,{'attraction-area': ['west']},[]
SNG01999.json,I am looking for a nearest police station,restaurant,NONE,{},[]
PMUL4935.json,I need to find somewhere to stay in the south,restaurant,NONE,{},[]
PMUL4385.json,"I need to leave after 09:15, please.",restaurant,NONE,{},[]
SNG0278.json,"I'll be leaving from bishops stortford on saturday, and I need to get to cambridge at or a little before 14:00.",restaurant,NONE,{},[]
SNG0435.json,I am planning to travel on Thursday.,restaurant,NONE,{},[]
WOZ20053.json,I want a restaurant in the centre and serves japanese food. What is the address?,restaurant,find_restaurant,"{'restaurant-area': ['centre'], 'restaurant-food': ['japanese']}",['restaurant-address']
SNG02320.json,I need to arrive by 14:45.,restaurant,NONE,{},[]
PMUL1578.json,To Bishops Stortford I need to arrive by 12:45 on Tuesday.,restaurant,NONE,{},[]
SNG0754.json,I'm looking for a place to stay in the north side.,restaurant,NONE,{},[]
PMUL3140.json,Can you help me out with finding a restaurant that serves british food in the east?,restaurant,find_restaurant,"{'restaurant-area': ['east'], 'restaurant-food': ['british']}",[]
PMUL0476.json,Please find me a hotel with free parking and free wifi.,restaurant,NONE,{},[]
PMUL4652.json,i am looking for information in Cambridge. A a place to dine.,restaurant,find_restaurant,{},[]
MUL2454.json,I want a nice park to visit while i'm in town.,attraction,find_attraction,{'attraction-type': ['park']},[]
PMUL4080.json,"Hello, can you recommend any architecture that I could see in the Centre of town, please?",attraction,find_attraction,"{'attraction-area': ['centre'], 'attraction-type': ['architecture']}",[]
PMUL3732.json,i am looking for a place to stay. The hotel should have a star of 0 and should be in the cheap price range.,restaurant,NONE,{},[]
SNG01894.json,I was just robbed and i need some assistance please.,restaurant,NONE,{},[]
PMUL2173.json,I want some advice on places to go.,restaurant,NONE,{},[]
MUL0589.json,I am looking for a college attraction to go to in town.,attraction,find_attraction,{'attraction-type': ['college']},[]
PMUL3432.json,I am planning a trip in Cambridge.,restaurant,NONE,{},[]
PMUL1782.json,I will be departing from Stevenage and going into Cambridge on Sunday.,restaurant,NONE,{},[]
PMUL0979.json,I need help finding a cheap restaurant,restaurant,find_restaurant,{'restaurant-pricerange': ['cheap']},[]
MUL0862.json,I'm looking for info about the curry king restaurant.,restaurant,find_restaurant,{'restaurant-name': ['curry king']},[]
MUL2588.json,Yes I would like to stay in a guesthouse that is moderately priced.,restaurant,NONE,{},[]
PMUL3194.json,i am looking for a place to stay. The hotel should include free parking and should be in the type of guesthouse.,restaurant,NONE,{},[]
PMUL0472.json,I'm looking for a modern european restaurant in the centre.,restaurant,find_restaurant,"{'restaurant-area': ['centre'], 'restaurant-food': ['modern european']}",[]
MUL1257.json,"Hi, I'm actually looking to stay at a luxury guesthouse.",restaurant,NONE,{},[]
PMUL2468.json,I want to visit the cambridge artworks.,attraction,find_attraction,{'attraction-name': ['cambridge artworks']},[]
PMUL1288.json,Where can I find a swimming pool in the north of town?,attraction,find_attraction,"{'attraction-area': ['north'], 'attraction-type': ['swimmingpool']}",[]
MUL0620.json,I want to leave from cambridge on wednesday.,restaurant,NONE,{},[]
SNG0192.json,Where is the hospital in Cambridge?,restaurant,NONE,{},[]
SNG02122.json,I need to arrive by 17:15.,restaurant,NONE,{},[]
PMUL0288.json,I'm visiting cambridge and I need a place to stay. I'm looking for a 0 star guesthouse.,restaurant,NONE,{},[]
MUL1016.json,"Hello, I am going to nee a place to go in the centre of town. Multiple sports would be best.",attraction,find_attraction,"{'attraction-area': ['centre'], 'attraction-type': ['multiple sports']}",[]
SNG01827.json,I want to go to hobsons house from bloomsbury restaurant,restaurant,NONE,{},[]
MUL0525.json,I'm looking for someplace to go in the west.,attraction,find_attraction,{'attraction-area': ['west']},[]
SNG0989.json,Are there any guesthouses with free parking?,restaurant,NONE,{},[]
MUL0125.json,Find a guesthouse hotel in Cambridge with free parking.,restaurant,NONE,{},[]
WOZ20472.json,"Hello, I am looking for a restaurant that serves fusion food.",restaurant,find_restaurant,{'restaurant-food': ['fusion']},[]
PMUL3982.json,Can you give me the address to the hospital in Cambridge?,restaurant,NONE,{},[]
PMUL3150.json,i want to do some boating today,attraction,find_attraction,{'attraction-type': ['boat']},[]
PMUL1442.json,"I'm looking for a special place, can you help?",restaurant,NONE,{},[]
PMUL1319.json,"Hi, I am looking for architectural churches in the Cambridge area. Can you assist?",attraction,find_attraction,{'attraction-type': ['architecture']},['attraction-area']
PMUL1927.json,I am leaving from Bishops Stortford and heading into Cambridge.,restaurant,NONE,{},[]
MUL2538.json,"Hello, I'm looking for an museum.",attraction,find_attraction,{'attraction-type': ['museum']},[]
SNG0881.json,I'm in the south part of town and it's getting late. Can you tell me what local hotels there might be for me to stay at?,restaurant,NONE,{},[]
SNG0489.json,I am going to be on the north side of town and would like a recommendation to a high end restaurant for dinner.,restaurant,find_restaurant,"{'restaurant-area': ['north'], 'restaurant-pricerange': ['expensive']}",[]
PMUL2218.json,We would like recommendation of places we could go on the west side of town.,restaurant,find_restaurant,{'restaurant-area': ['west']},[]
PMUL1687.json,"I'm looking for a particular hotel called the kirkwood house. Where is it, and what other information do you have about it?",restaurant,NONE,{},[]
PMUL0368.json,"Hi, I'm looking for a cheap place to sleep, please.",restaurant,find_restaurant,{},[]
PMUL3210.json,i need a place to stay,restaurant,NONE,{},[]
PMUL2208.json,Can you provide information about Clare Hall?,attraction,find_attraction,{'attraction-name': ['clare hall']},[]
PMUL4561.json,I will be departing from Cambridge on Saturday.,restaurant,NONE,{},[]
WOZ20415.json,Please find me a restaurant in the centre part of town.,restaurant,find_restaurant,{'restaurant-area': ['centre']},[]
SNG1278.json,"I am looking for a moderately priced, 4 star hotel.",restaurant,NONE,{},[]
MUL2645.json,I am looking for concert halls.,attraction,find_attraction,{'attraction-type': ['concerthall']},[]
SNG0884.json,I'm looking for a hotel in the west area. It doesn't need to have free parking.,restaurant,NONE,{},[]
SNG0679.json,I need to find a restaurant call the nirala.,restaurant,find_restaurant,{'restaurant-name': ['nirala']},[]
PMUL3046.json,I am going to Cambridge and would like to leave after 11:45.,restaurant,NONE,{},[]
MUL1304.json,I'm looking for a high end Asian restaurant,restaurant,find_restaurant,"{'restaurant-food': ['asian', 'asian oriental'], 'restaurant-pricerange': ['expensive']}",[]
PMUL3839.json,I will be leaving from Kings Lynn.,restaurant,NONE,{},[]
SNG0088.json,i want to go to rosa's bed and breakfast and would like to arrive by 3,restaurant,NONE,{},[]
PMUL1014.json,I'd like some help finding an interesting attraction in the center of town.,attraction,find_attraction,{'attraction-area': ['centre']},[]
PMUL1916.json,"Hi, I am planning a trip for my family and could use some help with a place to stay.",restaurant,NONE,{},[]
PMUL1466.json,I want to go to a theater in the east part of town. Can you help me find some?,attraction,find_attraction,"{'attraction-area': ['east'], 'attraction-type': ['theatre']}",[]
MUL0298.json,I am looking for a cheaply priced restaurant in the centre of Cambridge.,restaurant,find_restaurant,"{'restaurant-area': ['centre'], 'restaurant-pricerange': ['cheap']}",[]
PMUL1101.json,I need a one bed hotel room near Cambridge on Friday. Can you assist?,restaurant,NONE,{},[]
PMUL2638.json,"Hi, I'm looking for information on concert halls in the east. Can you give me any suggestions?",attraction,find_attraction,"{'attraction-area': ['east'], 'attraction-type': ['concerthall']}",[]
SNG01276.json,I've just has a dispute involving an auto accident. I need some help urgently!,restaurant,NONE,{},[]
MUL2215.json,"Hello, I am looking for a place to stay that has 3 stars.",restaurant,NONE,{},[]
PMUL0271.json,"I have a business luncheon this week and need a place to host, preferably in the centre of the city.",restaurant,find_restaurant,{},[]
SNG0811.json,What can you tell me about the Lovell Lodge?,restaurant,NONE,{},[]
SSNG0325.json,I need a place to stay please. A hotel would be great.,restaurant,NONE,{},[]
SNG1231.json,I want to go from london liverpool street to cambridge.,restaurant,NONE,{},[]
SNG0570.json,I am looking for a restaurant in the west that serves italian food.,restaurant,find_restaurant,"{'restaurant-area': ['west'], 'restaurant-food': ['italian']}",[]
PMUL3895.json,I am going to Cambridge from Bishops Stortford.,restaurant,NONE,{},[]
WOZ20217.json,I am looking for a Japanese restaurant in the centre of town.,restaurant,find_restaurant,"{'restaurant-area': ['centre'], 'restaurant-food': ['japanese']}",[]
PMUL1963.json,I'm looking to stay at a 4 star hotel that includes free parking.,restaurant,NONE,{},[]
SNG0021.json,I would like to go to Citi Stop Restaurant,restaurant,NONE,{},[]
MUL1474.json,I'm so hungry - can you find me a place to eat in the city centre?,restaurant,find_restaurant,{'restaurant-area': ['centre']},[]
WOZ20124.json,I am looking for a restaurant serving scottish food.,restaurant,find_restaurant,{'restaurant-food': ['scottish']},[]
MUL0919.json,I need to find a place to eat in the centre of town.,restaurant,find_restaurant,{'restaurant-area': ['centre']},[]
SNG01988.json,I want to leave from London Liverpool Street.,restaurant,NONE,{},[]
SNG01408.json,I am looking for the Addenbrookes Hospital.,restaurant,NONE,{},[]
SNG1169.json,I need a 5 star hotel to stay in that should be a guesthouse.,restaurant,NONE,{},[]
WOZ20009.json,I'd like to find a moderately priced chinese restaurant.,restaurant,find_restaurant,"{'restaurant-food': ['chinese'], 'restaurant-pricerange': ['moderate']}",[]
MUL1244.json,"I want to try a local restaurant called Jinling noodle bar, can you help?",restaurant,find_restaurant,{'restaurant-name': ['jinling noodle bar']},[]
PMUL2349.json,I am looking for a fun attraction to go to in the north. Do you have any recommendations?,attraction,find_attraction,{'attraction-area': ['north']},[]
PMUL2132.json,I'd really like to check out some interesting architecture while I'm in town. Can you recommend anything?,attraction,find_attraction,{'attraction-type': ['architecture']},[]
MUL1485.json,I am looking for a restaurant in Cambridge called Nandos City Centre.,restaurant,find_restaurant,"{'restaurant-area': ['centre'], 'restaurant-name': ['nandos city centre']}",[]
PMUL2895.json,I need help getting some info on the lynne strover gallery,attraction,find_attraction,{'attraction-name': ['lynne strover gallery']},[]
SNG01874.json,"Hi, I'm trying to find Addenbrookes Hospital and they're supposed to have a medical decisions unit department, right?",hospital,find_hospital,{'hospital-department': ['medical decisions unit']},[]
SNG01442.json,I'd like to arrive by 15:45.,restaurant,NONE,{},[]
MUL0779.json,"Hello, I am wondering if you can help me with some information on a hotel called city centre north b and b?",restaurant,NONE,{},[]
SSNG0328.json,"I'm looking for a hotel with one star rating and free parking, can you help me?",restaurant,NONE,{},[]
SNG1058.json,I'm looking for a place to go in town to have fun. Are there any nightclubs in the west?,attraction,find_attraction,"{'attraction-area': ['west'], 'attraction-type': ['nightclub']}",[]
PMUL1977.json,I will be departing from kings lynn on saturday.,restaurant,NONE,{},[]
MUL2559.json,I'm looking for any type of attraction in the centre.,attraction,find_attraction,{'attraction-type': ['dontcare']},[]
PMUL3026.json,Can you help me find a moderately priced hotels that has Wifi?,restaurant,NONE,{},[]
PMUL0333.json,I'm looking for a 4 star hotel in the east.,restaurant,find_restaurant,{},[]
SNG0020.json,"Arrival doesn't matter. I just need to leave after 19:15 from Ashley Hotel, and I want to go to Bridge Guest House.",restaurant,NONE,{},[]
MUL1279.json,"Hello, I'm looking for some information about a particular restaurant. The name of it is Dojo Noodle Bar.",restaurant,find_restaurant,{'restaurant-name': ['dojo noodle bar']},[]
PMUL1206.json,I am looking for a college in the West in town.,attraction,find_attraction,"{'attraction-area': ['west'], 'attraction-type': ['college']}",[]
MUL1001.json,I'm looking for a moderately priced hotel in town. Please give me the contact information for one.,restaurant,NONE,{},[]
MUL2557.json,I am going off to college soon and want to visit a campus. Can you help me find one?,attraction,find_attraction,{'attraction-type': ['college']},[]
PMUL1483.json,Please help me identify places to go in the centre of town that are entertainment attractions.,attraction,find_attraction,"{'attraction-area': ['centre'], 'attraction-type': ['entertainment']}",[]
MUL2428.json,I need a restaurant. The restaurant should serve indian food and should be in the expensive price range.,restaurant,find_restaurant,"{'restaurant-food': ['indian'], 'restaurant-pricerange': ['expensive']}",[]
PMUL4712.json,Can you help me find a place to go in the centre?,attraction,find_attraction,{'attraction-area': ['centre']},[]
PMUL0151.json,"Hi, I am currently planning to come to Cambridge, and I was looking for a relatively inexpensive place to eat in the centre. What would you suggest?",restaurant,find_restaurant,"{'restaurant-area': ['centre'], 'restaurant-pricerange': ['cheap']}",[]
WOZ20051.json,I would like some Lebanese food in the west part of town. Are there any available?,restaurant,find_restaurant,"{'restaurant-area': ['west'], 'restaurant-food': ['lebanese']}",[]
MUL2349.json,I'm looking for da vinci pizzeria.,restaurant,find_restaurant,{'restaurant-name': ['da vinci pizzeria']},[]
PMUL4621.json,I will be travelling on Monday.,restaurant,NONE,{},[]
WOZ20330.json,"I would like an expensive restaurant in the east part of town, please.",restaurant,find_restaurant,"{'restaurant-area': ['east'], 'restaurant-pricerange': ['expensive']}",[]
PMUL2161.json,"I'm looking for a place to dine in Cambridge, if you could help me with some options.",restaurant,find_restaurant,{},[]
PMUL0159.json,I need a place to stay that has 4 stars.,restaurant,NONE,{},[]
WOZ20474.json,I would like an expensive restaurant that serves afghan food,restaurant,find_restaurant,"{'restaurant-food': ['afghan'], 'restaurant-pricerange': ['expensive']}",[]
WOZ20204.json,I would like to find a danish restaurant this is moderately priced.,restaurant,find_restaurant,"{'restaurant-food': ['danish'], 'restaurant-pricerange': ['moderate']}",[]
MUL0052.json,I am looking for a 3 star hotel with free parking in Cambridge.,restaurant,NONE,{},[]
SNG0096.json,ok awesome i will be going to jesus college,restaurant,NONE,{},[]
SNG0593.json,"Hi, can you look up Darrys Cookhouse and Wine Shop for me?",restaurant,find_restaurant,{'restaurant-name': ['darrys cookhouse and wine shop']},[]
SNG01885.json,Can you help me find a restaurant called little seoul?,restaurant,find_restaurant,{'restaurant-name': ['little seoul']},[]
PMUL3616.json,I am looking for Italian restaurants in Cambridge in the cheap price range.,restaurant,find_restaurant,"{'restaurant-food': ['italian'], 'restaurant-pricerange': ['cheap']}",[]
MUL1293.json,"Hi, I am looking for a restaurant called the hotspot.",restaurant,find_restaurant,"{'restaurant-name': ['the hotpot', 'the hotspot']}",[]
MUL0557.json,"I am looking for places to go in Cambridge, a type of a boat.",attraction,find_attraction,{'attraction-type': ['boat']},[]
SNG01740.json,I was in a car accident dispute and need help resolving it,restaurant,NONE,{},[]
MUL1709.json,"Hi, I'm planning a trip to Cambridge. Can you suggest some places I could visit in town?",restaurant,NONE,{},[]
SNG1249.json,"Hello, can you help me find a cheap guesthouse?",restaurant,NONE,{},[]
MUL1203.json,Can you help me find a german restaurant in the east please?,restaurant,find_restaurant,"{'restaurant-area': ['east'], 'restaurant-food': ['german']}",[]
PMUL1293.json,I'm looking to go to a theatre in town. Can you help me find one?,attraction,find_attraction,{'attraction-type': ['theatre']},[]
MUL1013.json,I'm looking for a place to go in the centre of town.,attraction,find_attraction,{'attraction-area': ['centre']},[]
SNG0677.json,I need to find a restaurant in the west part of town. It should be in the cheap price range.,restaurant,find_restaurant,"{'restaurant-area': ['west'], 'restaurant-pricerange': ['cheap']}",[]
SNG02265.json,Does that depart from broxbourne station?,restaurant,NONE,{},[]
PMUL2512.json,"Hi, can you give me some information on places to stay for my upcoming trip?",restaurant,NONE,{},[]
SNG01526.json,I would like yo leave after 6:30.,restaurant,NONE,{},[]
PMUL3768.json,I'm looking for a restaurant that serves afghan food in the south,restaurant,find_restaurant,"{'restaurant-area': ['south'], 'restaurant-food': ['afghan']}",[]
PMUL0180.json,I would like to go to an expensive Italian restaurant for dinner.,restaurant,find_restaurant,"{'restaurant-food': ['italian'], 'restaurant-pricerange': ['expensive']}",[]
PMUL1491.json,I'd like to know the location of Clare Hall.,attraction,find_attraction,{'attraction-name': ['clare hall']},[]
MUL2597.json,I'm looking for places to go in the centre area of town.,attraction,find_attraction,{'attraction-area': ['centre']},[]
SNG01652.json,I am leaving from Kohinoor.,restaurant,NONE,{},[]
MUL1353.json,I'm looking for a 4 Star hotel and it doesn't have to include internet.,restaurant,NONE,{},[]
WOZ20670.json,Can you give me the phone number of a moderately priced restaurant in the North part of town?,restaurant,find_restaurant,"{'restaurant-area': ['north'], 'restaurant-pricerange': ['moderate']}",['restaurant-phone']
PMUL2911.json,I'm looking for places to visit in the centre of town.,attraction,find_attraction,{'attraction-area': ['centre']},[]
PMUL2883.json,I am going to the centre and want to go somewhere fun.,attraction,find_attraction,{'attraction-area': ['centre']},[]
MUL1990.json,I'm looking for attractions in west Cambridge.,attraction,find_attraction,{'attraction-area': ['west']},[]
PMUL1246.json,"My destination is Cambridge, and I'll be traveling on Saturday.",restaurant,NONE,{},[]
PMUL2592.json,Do you know much about hotels?,restaurant,NONE,{},[]
PMUL0703.json,I need to find a British restaurant in West Cambridge.,restaurant,find_restaurant,"{'restaurant-area': ['west'], 'restaurant-food': ['british']}",[]
SSNG0195.json,"I need help finding a very inexpensive place to eat located in the north, can you help me?",restaurant,find_restaurant,"{'restaurant-area': ['north'], 'restaurant-pricerange': ['cheap']}",[]
SSNG0127.json,I'm looking for an indian restaurant that is priced moderately.,restaurant,find_restaurant,"{'restaurant-food': ['indian'], 'restaurant-pricerange': ['moderate']}",[]
MUL0518.json,Are there any colleges in the west?,attraction,find_attraction,"{'attraction-area': ['west'], 'attraction-type': ['college']}",[]
MUL0137.json,Can you find me a very nice hotel in the west? Money is not an issue.,restaurant,NONE,{},[]
SNG1384.json,Give me information about museums in the west side of town.,attraction,find_attraction,"{'attraction-area': ['west'], 'attraction-type': ['museum']}",[]
MUL1864.json,I'd like some places to go. Some sort of entertainment.,attraction,find_attraction,{'attraction-type': ['entertainment']},[]
MUL0579.json,I am looking to go to cambridge from bishops stortford.,restaurant,NONE,{},[]
PMUL0631.json,I would like to make a reservation at the shanghai family restaurant in cambridge,restaurant,find_restaurant,{'restaurant-name': ['shanghai family restaurant']},[]
MUL2118.json,I will be traveling on Saturday.,restaurant,NONE,{},[]
PMUL3952.json,Can you help me find a place to stay in the north that includes free wifi?,restaurant,NONE,{},[]
MUL0482.json,"I am looking for a restaurant in the centre of town that serves Mexican food. Preferably, some place that is cheap to moderately priced. Are there any in that area?",restaurant,find_restaurant,"{'restaurant-area': ['centre'], 'restaurant-food': ['mexican'], 'restaurant-pricerange': ['moderate']}",[]
MUL2274.json,"Hello! I am looking for a play stay, I would like it in the expensive range and to stay in the north",restaurant,NONE,{},[]
SNG0932.json,Are there any rooms available in hotels with free parking?,restaurant,NONE,{},[]
PMUL2717.json,I'm looking to stay at a moderate priced place with free parking.,restaurant,NONE,{},[]
PMUL4085.json,"I am planning a trip in Cambridge, Looking for a place to dine",restaurant,find_restaurant,{},[]
PMUL0967.json,Can you help me find a cheapt italian restaurant?,restaurant,find_restaurant,"{'restaurant-food': ['italian'], 'restaurant-pricerange': ['cheap']}",[]
PMUL1608.json,"I need to go on Thursday, please.",restaurant,NONE,{},[]
PMUL2510.json,Would you be able to recommend a museum?,attraction,find_attraction,{'attraction-type': ['museum']},[]
PMUL1229.json,On Thursday any time after 21:00.,restaurant,NONE,{},[]
PMUL2131.json,I'd like some help picking out a restaurant.,restaurant,find_restaurant,{},[]
WOZ20133.json,I would like to find a cheap restaurant in the east part of town.,restaurant,find_restaurant,"{'restaurant-area': ['east'], 'restaurant-pricerange': ['cheap']}",[]
PMUL0148.json,"Yes, I'm looking for a restaurant that serves American food and is in the center of town.",restaurant,find_restaurant,"{'restaurant-area': ['centre'], 'restaurant-food': ['north american', 'american']}",[]
MUL2348.json,I am looking for an expensive restaurant in the centre.,restaurant,find_restaurant,"{'restaurant-area': ['centre'], 'restaurant-pricerange': ['expensive']}",[]
PMUL3241.json,Leaving cambridge and going to norwich.,restaurant,NONE,{},[]
PMUL2086.json,I'm trying to see if they serve drinks on the Riverboat Georgina,attraction,find_attraction,{'attraction-name': ['riverboat georgina']},[]
PMUL0580.json,I need a moderately priced restaurant in the south of Cambridge,restaurant,find_restaurant,"{'restaurant-area': ['south'], 'restaurant-pricerange': ['moderate']}",[]
PMUL0304.json,Hello I am looking for an expensive restaurant on the east side of town. Any suggestions?,restaurant,find_restaurant,"{'restaurant-area': ['east'], 'restaurant-pricerange': ['expensive']}",[]
SNG01249.json,Can you locate the nearest police station please?,restaurant,NONE,{},[]
SNG0635.json,Hi. I am hoping you can help me find a cheap Indian restaurant.,restaurant,find_restaurant,"{'restaurant-food': ['indian'], 'restaurant-pricerange': ['cheap']}",[]
SNG0434.json,"Yes, I'm headed to Cambridge on Wednesday.",restaurant,NONE,{},[]
SSNG0243.json,"Hi, I'm looking a 4 star place to stay on the northside.",restaurant,NONE,{},[]
WOZ20128.json,I'd like to find panasian food for cheap please.,restaurant,find_restaurant,"{'restaurant-food': ['panasian'], 'restaurant-pricerange': ['cheap']}",[]
PMUL4901.json,I am looking for information in Cambridge,restaurant,NONE,{},[]
SNG1386.json,No that's it! Thank you!,restaurant,NONE,{},[]
PMUL2413.json,"Hello, can you help me find a pricey Singaporean restaurant in Cambridge?",restaurant,find_restaurant,"{'restaurant-food': ['singaporean'], 'restaurant-pricerange': ['expensive']}",[]
SNG01569.json,I want to find a hospital in town. The hospital should have the hepatobillary and gastrointestinal surgery regional referral centre department,hospital,find_hospital,{'hospital-department': ['hepatobillary and gastrointestinal surgery regional referral centre']},[]
MUL0396.json,I would like recommendations for italian restaurants.,restaurant,find_restaurant,{'restaurant-food': ['italian']},[]
SNG01769.json,I would like to eat at an expensive european food restaurant,restaurant,find_restaurant,"{'restaurant-food': ['european'], 'restaurant-pricerange': ['expensive']}",[]
PMUL2865.json,I'm interested in any info about places to go in the west side of Cambridge,attraction,find_attraction,{'attraction-area': ['west']},[]
MUL0733.json,"Yes, I was wondering if you could help me find a guesthouse in Cambridge.",restaurant,NONE,{},[]
MUL1965.json,"Yes, I'll be departing from peterborough and it needs to arrive by 20:45.",restaurant,NONE,{},[]
MUL1541.json,I would like to depart from cambridge.,restaurant,NONE,{},[]
PMUL1155.json,I want to go to a particular attraction called great saint mary's church.,attraction,find_attraction,"{'attraction-name': [""great saint mary's church"", 'great saint marys church']}",[]
MUL1194.json,"Hi, I'm looking for a nightclub located in the east.",attraction,find_attraction,"{'attraction-area': ['east'], 'attraction-type': ['nightclub']}",[]
PMUL3389.json,I need a place to stay that has 4 stars and includes free parking.,restaurant,NONE,{},[]
SNG0798.json,Could you help me find the Cambridge Belfry?,restaurant,NONE,{},[]
SNG0328.json,I am heading to Cambridge for an important visit. Can you get me there by 11:00?,restaurant,NONE,{},[]
PMUL3808.json,I am looking for places to go when I get to town. Are there any good museums?,attraction,find_attraction,{'attraction-type': ['museum']},[]
PMUL1534.json,I'm looking for a hotel in the north to stay in. Can you help me?,restaurant,NONE,{},[]
PMUL2858.json,Do you have directions to a guesthouse I can rent in the west of Cambridge?,restaurant,NONE,{},[]
SNG0202.json,"I am looking for the Addenbrookes Hospital, can you please give me their phone number?",restaurant,NONE,{},[]
PMUL4938.json,My meeting is on Wednesday.,restaurant,NONE,{},[]
MUL0948.json,"I am looking for a restaurant called Saint Johns Chop House, can you help me find it?",restaurant,find_restaurant,{'restaurant-name': ['saint johns chop house']},[]
MUL2183.json,I'm looking for a moderate priced place to stay in the north part of town.,restaurant,NONE,{},[]
MUL2434.json,I am looking for a entertainment in the south area.,attraction,find_attraction,"{'attraction-area': ['south'], 'attraction-type': ['entertainment']}",[]
WOZ20263.json,"Hello, I am looking for a restaurant in any area that serves danish food.",restaurant,find_restaurant,"{'restaurant-area': ['dontcare'], 'restaurant-food': ['danish']}",[]
PMUL4042.json,saturday and I want to leave sometime after 13:30 leaving kings lynn and going to cambridge,restaurant,find_restaurant,{},[]
MUL1232.json,"Hi, I'm looking for a steakhouse, please.",restaurant,find_restaurant,{'restaurant-food': ['steakhouse']},[]
PMUL0603.json,I am looking for a restaurant to book a reservation. I want asian oriental in the expensive price range,restaurant,find_restaurant,"{'restaurant-food': ['asian oriental'], 'restaurant-pricerange': ['expensive']}",[]
SNG01392.json,I need to leave after 5:00.,restaurant,NONE,{},[]
PMUL4249.json,Can you find a restaurant called Panahar?,restaurant,find_restaurant,{'restaurant-name': ['panahar']},[]
PMUL3137.json,I would like to leave after 16:15 on tuesday.,restaurant,NONE,{},[]
WOZ20548.json,I want to find a moderately priced restaurant serving european food.,restaurant,find_restaurant,"{'restaurant-food': ['european'], 'restaurant-pricerange': ['moderate']}",[]
WOZ20032.json,I am looking for a moderately priced restaurant in the west part of town.,restaurant,find_restaurant,"{'restaurant-area': ['west'], 'restaurant-pricerange': ['moderate']}",[]
PMUL2927.json,I am looking for a park to go to.,attraction,find_attraction,{'attraction-type': ['park']},[]
PMUL0208.json,I am looking for fitzbillies in Cambridge.,restaurant,find_restaurant,"{'restaurant-name': ['fitzbillies restaurant', 'fitzbillies']}",[]
SNG1234.json,"cambridge, any time after 15:45 on monday",restaurant,NONE,{},[]
PMUL1829.json,I'm departing from Cambridge and need to go to Leicester.,restaurant,NONE,{},[]
MUL1157.json,Could you help me find a place to stay? I am looking for a hotel in the east part of town and it needs free wifi.,restaurant,NONE,{},[]
WOZ20187.json,I am looking for a restaurant that serves international food!,restaurant,find_restaurant,{'restaurant-food': ['international']},[]
PMUL1448.json,I'm looking for an attraction to go in the centre. Can you help?,attraction,find_attraction,{'attraction-area': ['centre']},[]
SNG0995.json,I need to find a 4 star hotel that also has free parking.,restaurant,NONE,{},[]
SNG1009.json,I'm looking for a 4-star place that's moderately priced.,restaurant,NONE,{},[]
SNG0460.json,Hi! Do you have any Indian food on the east side?,restaurant,find_restaurant,"{'restaurant-area': ['east'], 'restaurant-food': ['indian']}",[]
WOZ20197.json,"Hello, I am looking for a restaurant that serves Moroccan food.",restaurant,find_restaurant,{'restaurant-food': ['moroccan']},[]
PMUL0637.json,"Hi, I am traveling to Cambridge and am interested in local restaurants.",restaurant,find_restaurant,{},[]
PMUL0677.json,I'm leaving from kings lynn on sunday after 14:30 and arrive at cambridge.,restaurant,find_restaurant,{},[]
MUL0632.json,I want to leave from london liverpool street on tuesday.,restaurant,NONE,{},[]
SNG0657.json,I want to eat fine british food.,restaurant,find_restaurant,{'restaurant-food': ['british']},[]
PMUL2753.json,"Hi I'm looking for some interesting attractions, especially museums on the west side",attraction,find_attraction,"{'attraction-area': ['west'], 'attraction-type': ['museum']}",[]
MUL2512.json,"I've heard about a hotel called Kirkwood House, but the only thing I know about it is the name. Can you tell me more?",restaurant,NONE,{},[]
SNG0984.json,"Hello, I am looking for a four star hotel on the north side",restaurant,NONE,{},[]
MUL2477.json,"Hi, I am looking forward to trying some local restaurants when I visit Cambridge next month. Are there any good ones?",restaurant,find_restaurant,{},[]
SNG01887.json,Can you help me find some cheap Italian food?,restaurant,find_restaurant,"{'restaurant-food': ['italian'], 'restaurant-pricerange': ['cheap']}",[]
PMUL2720.json,"Hi, I am planning a trip and need some information on a particular hotel.",restaurant,NONE,{},[]
PMUL1144.json,I want to leave after 21:00 on sunday.,restaurant,NONE,{},[]
PMUL0645.json,I looking for a restaurant in centre.,restaurant,find_restaurant,{'restaurant-area': ['centre']},[]
SNG01244.json,I am looking for the Addenbrookes Hospital,restaurant,NONE,{},[]
MUL2577.json,I'm looking for a moderately priced hotel.,restaurant,NONE,{},[]
SNG01670.json,i am looking for the Addenbrookes,restaurant,NONE,{},[]
PMUL3349.json,Please recommend some worthwhile places to visit in the centre.,attraction,find_attraction,{'attraction-area': ['centre']},[]
PMUL3488.json,i am looking for places to go in town. The attraction should be in the centre and should be in the type of theatre.,attraction,find_attraction,"{'attraction-area': ['centre'], 'attraction-type': ['theatre']}",[]
SNG0473.json,Looking for a restaurant in the east side that serves basque food.,restaurant,find_restaurant,"{'restaurant-area': ['east'], 'restaurant-food': ['basque']}",[]
PMUL1756.json,I'm going to Peterborough and want to leave after 12:00.,restaurant,NONE,{},[]
PMUL3429.json,I will be going to Ely on Thursday.,restaurant,NONE,{},[]
PMUL2149.json,I'm looking for a restaurant serving sri lanken food in the south.,restaurant,find_restaurant,"{'restaurant-area': ['south'], 'restaurant-food': ['sri lanken', 'sri lankan']}",[]
PMUL1265.json,I would like to leave on thursday to cambridge.,restaurant,NONE,{},[]
MUL0981.json,I am looking for a moderate restaurant in the centre. Could you help me with this?,restaurant,find_restaurant,"{'restaurant-area': ['centre'], 'restaurant-pricerange': ['moderate']}",[]
PMUL4527.json,I am leaving from Cambridge on Sunday.,restaurant,NONE,{},[]
MUL2354.json,"Hello, I'm looking for attractions in the west, can you help me out?",attraction,find_attraction,{'attraction-area': ['west']},[]
MUL0486.json,I'm looking for places in the centre of town to go to.,attraction,find_attraction,{'attraction-area': ['centre']},[]
PMUL3355.json,i'm looking for the cambridge arts theatre,attraction,find_attraction,{'attraction-name': ['cambridge arts theatre']},[]
WOZ20546.json,i want some mexican food.,restaurant,find_restaurant,{'restaurant-food': ['mexican']},[]
MUL2264.json,I am looking for a guesthouse to stay in when I visit next month.,restaurant,NONE,{},[]
MUL1201.json,I'm looking for a place to stay that's moderately priced and has a three-star rating.,restaurant,find_restaurant,{},[]
PMUL0414.json,Can you help me find a restaurant with a moderate price range that serves turkish food?,restaurant,find_restaurant,"{'restaurant-food': ['turkish'], 'restaurant-pricerange': ['moderate']}",[]
MUL0029.json,I'm looking for a particular restaurant called michaelhouse cafe.,restaurant,find_restaurant,{'restaurant-name': ['michaelhouse cafe']},[]
PMUL4596.json,I need to find a cheap restaurant on the North side,restaurant,find_restaurant,"{'restaurant-area': ['north'], 'restaurant-pricerange': ['cheap']}",[]
WOZ20376.json,I am looking for a cheap restaurant that serves Polish food.,restaurant,find_restaurant,"{'restaurant-food': ['polish'], 'restaurant-pricerange': ['cheap']}",[]
PMUL0565.json,I need a place to eat that serves sea food.,restaurant,find_restaurant,"{'restaurant-food': ['seafood', 'sea food']}",[]
PMUL1856.json,I would like to go on Monday in the morning.,restaurant,NONE,{},[]
PMUL0216.json,"I need a place to stay. Something moderately priced, with free wifi.",restaurant,find_restaurant,{},[]
PMUL2530.json,I'm looking for an entertainment attraction in the centre. Can you suggest something for me?,attraction,find_attraction,"{'attraction-area': ['centre'], 'attraction-type': ['entertainment']}",[]
PMUL4458.json,I am traveling to Cambridge and looking forward to try local restaurants.,restaurant,find_restaurant,{},[]
PMUL3676.json,i need a place to go which is the type of a college.,attraction,find_attraction,{'attraction-type': ['college']},[]
PMUL4474.json,I need to arrive in Cambridge by 16:00. What are my options?,restaurant,NONE,{},[]
PMUL0196.json,I am looking for a pricey place to stay. Please help me if you can.,restaurant,NONE,{},[]
PMUL1527.json,I'm looking for a place to stay in Cambridge. Where would you recommend?,restaurant,NONE,{},[]
SNG02117.json,"Well, I have been in an accident and need some help.",restaurant,NONE,{},[]
MUL1161.json,"Yes, I'm trying to plan a trip to Cambridge. Can you please tell me about things to do in town?",restaurant,NONE,{},[]
PMUL1553.json,I would like to find a moderately priced hotel to stay in that includes free parking. Can you help me?,restaurant,NONE,{},[]
PMUL3311.json,I want to find a cheap Italian restaurant. Can you help me out?,restaurant,find_restaurant,"{'restaurant-food': ['italian'], 'restaurant-pricerange': ['cheap']}",[]
SNG1184.json,I am looking for information on the leverton house hotel,restaurant,NONE,{},[]
SSNG0285.json,"Hi, I need a hotel with wifi, please.",restaurant,NONE,{},[]
SNG0739.json,Hi. Could you help me find an expensive restaurant that serves Catalan food?,restaurant,find_restaurant,"{'restaurant-food': ['catalan'], 'restaurant-pricerange': ['expensive']}",[]
WOZ20178.json,I'd like to dine at a restaurant in the west part of town. Can you help me find one?,restaurant,find_restaurant,{'restaurant-area': ['west']},[]
PMUL1378.json,Stansted Airport I need to be there by 13:15.,restaurant,NONE,{},[]
PMUL3400.json,I need a find restaurant in the moderate price range in the west part of the town,restaurant,find_restaurant,"{'restaurant-area': ['west'], 'restaurant-pricerange': ['moderate']}",[]
MUL1959.json,I will be departing from birmingham new street. I don't really care about what time it leaves but I have to get there by 21:30.,restaurant,NONE,{},[]
PMUL3906.json,I am looking for information in Cambridge.,restaurant,NONE,{},[]
SNG0163.json,"Hi, I need help finding Addenbrookes Hospital. Can you give me some information please?",restaurant,NONE,{},[]
MUL2019.json,I am looking for a hotel to stay at in Cambridge. Can you recommend a place on the east side?,restaurant,find_restaurant,{},[]
SNG01717.json,I need to travel on wednesday and get there by 17:15.,restaurant,NONE,{},[]
PMUL2180.json,"Hi, I am looking for information on places to go in town. Can you suggest some things?",restaurant,NONE,{},[]
PMUL3763.json,Can you help me find a british restaurant in the centre?,restaurant,find_restaurant,"{'restaurant-area': ['centre'], 'restaurant-food': ['british']}",[]
MUL1147.json,"I would like to visit something like a museum, no specific part of town.",attraction,find_attraction,{'attraction-type': ['museum']},[]
MUL0043.json,I need to find a hotel in the center with free wifi included in their rates.,restaurant,NONE,{},[]
SNG0392.json,I am going to Cambridge.,restaurant,NONE,{},[]
SNG01510.json,I need to leave after 18:15.,restaurant,NONE,{},[]
SNG01180.json,I need to get to london liverpool street.,restaurant,NONE,{},[]
WOZ20542.json,I want a restaurant in the north part of town.,restaurant,find_restaurant,{'restaurant-area': ['north']},[]
SNG0358.json,I need to leave from Kings Cross on a Saturday please.,restaurant,NONE,{},[]
SSNG0239.json,I am looking for a guesthouse to stay in that offers free parking.,restaurant,NONE,{},[]
PMUL4216.json,I will be leaving after 20:45.,restaurant,NONE,{},[]
MUL1498.json,"I'm sorry, I would actually like a restaurant in the centre that serves Afghan food.",restaurant,find_restaurant,"{'restaurant-area': ['centre'], 'restaurant-food': ['afghan']}",[]
SSNG0366.json,Im looking for a hotel with free parking and wifi please.,restaurant,NONE,{},[]
PMUL3767.json,"Wednesday, please. Any time after 08:00.",restaurant,NONE,{},[]
MUL2244.json,I need a cheap four star room.,restaurant,NONE,{},[]
SSNG0182.json,"Hi, I'm looking for cheap places to eat in the city centre?",restaurant,find_restaurant,"{'restaurant-area': ['centre'], 'restaurant-pricerange': ['cheap']}",[]
SNG02253.json,What hospitals are located in town?,restaurant,NONE,{},[]
MUL0950.json,"Hi, I am interested in finding a place to dine on the west side of town.",restaurant,find_restaurant,{'restaurant-area': ['west']},[]
MUL0929.json,I am looking to book an expensive restaurant in the west part of town. What is available?,restaurant,find_restaurant,"{'restaurant-area': ['west'], 'restaurant-pricerange': ['expensive']}",[]
PMUL0544.json,I'm going to Ely from Cambridge on Sunday. Thank you.,restaurant,find_restaurant,{},[]
PMUL4266.json,I am planning a trip in Cambridge.,restaurant,NONE,{},[]
MUL1788.json,Going to london liverpool street from cambridge. I need to arrive by 17:45.,restaurant,NONE,{},[]
PMUL3950.json,I'd like some information on places to go in town. I'd like to go to a museum with free admission. Can you make a suggestion? Please provide phone number.,attraction,find_attraction,{'attraction-type': ['museum']},['attraction-phone']
PMUL0784.json,I'm looking for some romanian food around here.,restaurant,find_restaurant,{'restaurant-food': ['romanian']},[]
WOZ20523.json,I am looking for an expensive restaurant in the south part of town.,restaurant,find_restaurant,"{'restaurant-area': ['south'], 'restaurant-pricerange': ['expensive']}",[]
PMUL0730.json,I am looking for a restaurant that serves British food in the expensive price range.,restaurant,find_restaurant,"{'restaurant-food': ['british'], 'restaurant-pricerange': ['expensive']}",[]
PMUL4591.json,I prefer to leave on Saturday from Cambridge.,restaurant,NONE,{},[]
SNG01708.json,I'm going to cambridge book and print gallery.,restaurant,NONE,{},[]
SNG0165.json,Is there a hospital in Cambridge that has a plastic and vascular surgery department?,hospital,find_hospital,"{'hospital-department': ['plastic and vascular surgery', 'plastic and vascular surgery plastics']}",[]
MUL1087.json,Hi. I'm looking for something to do. Are there any entertainment attractions in the South part of town?,attraction,find_attraction,{'attraction-area': ['south']},[]
MUL1609.json,Norwich is my final destination.,restaurant,NONE,{},[]
SNG02231.json,Where is Addenbrookes Hospital located?,restaurant,NONE,{},[]
SNG01851.json,can i get a hospital nearby which has a haematology day unit department,hospital,find_hospital,{'hospital-department': ['haematology']},[]
PMUL2332.json,"My friends told me to look into a restaurant called The Gandhi, could you please give me some information on it?",restaurant,find_restaurant,{'restaurant-name': ['the gandhi']},[]
PMUL2584.json,I'm looking for the Huntingdon Marriott Hotel.,restaurant,NONE,{},[]
MUL1043.json,I'm looking for something to do tonight. Maybe the theatre?,attraction,find_attraction,{'attraction-type': ['theatre']},[]
WOZ20615.json,I want to find a moderately priced restaurant in the north part of town. What is the phone number?,restaurant,find_restaurant,"{'restaurant-area': ['north'], 'restaurant-pricerange': ['moderate']}",['restaurant-phone']
PMUL2446.json,"Hello, I'm looking for a restaurant in Cambridge that serves high Chinese food and is more expensive than it's competitors.",restaurant,find_restaurant,"{'restaurant-food': ['chinese'], 'restaurant-pricerange': ['expensive']}",[]
SNG0244.json,I am hurt and need to find the nearest hospital. Can you help me?,restaurant,NONE,{},[]
MUL2500.json,"Hi, I'd like to find a cheap italian restaurant, please.",restaurant,find_restaurant,"{'restaurant-food': ['italian'], 'restaurant-pricerange': ['cheap']}",[]
PMUL0214.json,I am looking a restaurant in the Centre Cambridge area that serve gastropub food.,restaurant,find_restaurant,"{'restaurant-area': ['centre'], 'restaurant-food': ['gastropub']}",[]
WOZ20029.json,I want the phone number to a moderately priced restaurant with Spanish food.,restaurant,find_restaurant,"{'restaurant-food': ['spanish'], 'restaurant-pricerange': ['moderate']}",['restaurant-phone']
SNG0261.json,"I need to go to leicester from cambridge, and i need to leave on sunday.",restaurant,NONE,{},[]
PMUL0073.json,"hi, i am looking for bar in town that serves food.",restaurant,find_restaurant,{},[]
PMUL2672.json,"Hello, I am planning my trip to Cambridge and need some help finding places to go in town when I get there.",restaurant,NONE,{},[]
SNG02002.json,I am going to Cambridge Road Church of Christ.,restaurant,NONE,{},[]
PMUL3331.json,Can you help me find a place to stay? I want somewhere in the east.,restaurant,NONE,{},[]
MUL1116.json,I am looking for a place to stay. It should be in a moderate price range and should be a star of 3.,restaurant,NONE,{},[]
MUL0417.json,"Hello, I'm looking for places to go in the city centre.",attraction,find_attraction,{'attraction-area': ['centre']},[]
MUL0288.json,"Yes, sometime after 09:15.",restaurant,NONE,{},[]
SNG1288.json,I am looking for a Spanish restaurant in the west side of town,restaurant,find_restaurant,"{'restaurant-area': ['west'], 'restaurant-food': ['spanish']}",[]
SNG01304.json,I am looking for a specific hotel,restaurant,NONE,{},[]
PMUL2966.json,I would like to go to a college in the north.,attraction,find_attraction,"{'attraction-area': ['north'], 'attraction-type': ['college']}",[]
SSNG0055.json,I am looking for a restaurant that serves chinese food in the moderate price range.,restaurant,find_restaurant,"{'restaurant-food': ['chinese'], 'restaurant-pricerange': ['moderate']}",[]
SNG0424.json,I would like to depart from cambridge on friday,restaurant,NONE,{},[]
PMUL2231.json,Help me find something fun to do in the centre.,attraction,find_attraction,{'attraction-area': ['centre']},[]
SNG01765.json,I need to find a hospital please with a infusion service department.,hospital,find_hospital,"{'hospital-department': ['infusion service', 'infusion services']}",[]
SNG01808.json,I need to find the nearest police station.,restaurant,NONE,{},[]
MUL1521.json,I am looking for a Chinese restaurant in the cheap price range.,restaurant,find_restaurant,"{'restaurant-food': ['chinese'], 'restaurant-pricerange': ['cheap']}",[]
MUL0740.json,Hi I would like to find a place to stay that has a guesthouse and free parking.,restaurant,NONE,{},[]
WOZ20289.json,Is there anywhere that serves British fish and chips around here?,restaurant,find_restaurant,{'restaurant-food': ['british']},[]
SNG0549.json,I'm looking to have some European food tonight for dinner. Something very traditional in the centre of town should be good. Can I get a list of options?,restaurant,find_restaurant,"{'restaurant-area': ['centre'], 'restaurant-food': ['european']}",[]
PMUL3370.json,i am looking for a place to stay. The hotel doesn't need to include internet and should include free parking.,restaurant,NONE,{},[]
PMUL1596.json,Great. I'm not ready to book today though. I am also looking for a place to stay.,restaurant,NONE,{},[]
SNG1380.json,I am trying to find the Parkside Pools.,attraction,find_attraction,{'attraction-name': ['parkside pools']},[]
SNG01926.json,I am looking for the Addenbrookes Hospital,restaurant,NONE,{},[]
PMUL4448.json,I am traveling to Cambridge and looking forward to try local restaurants.,restaurant,find_restaurant,{},[]
PMUL4694.json,"Hi I'm excited to try an international restaurant in the centre, are they are I can go to?",restaurant,find_restaurant,"{'restaurant-area': ['centre'], 'restaurant-food': ['international']}",[]
PMUL0290.json,Hi! I need a place to stay in the centre of town.,restaurant,NONE,{},[]
MUL2350.json,I'm looking for info about riveboat georgina,attraction,find_attraction,"{'attraction-area': ['north'], 'attraction-name': ['riverboat georgina', 'georgina'], 'attraction-type': ['boat']}",[]
WOZ20001.json,I am looking for a restaurant that is moderately priced and serves Cantonese food.,restaurant,find_restaurant,"{'restaurant-food': ['cantonese'], 'restaurant-pricerange': ['moderate']}",[]
MUL2308.json,"Hi, can you fill me in on some details about a place called jesus green outdoor pool, please?",attraction,find_attraction,{'attraction-name': ['jesus green outdoor pool']},[]
MUL0007.json,Never mind. I'm looking for a guesthouse to stay at. It must be in the north and 4 stars.,restaurant,NONE,{},[]
MUL2003.json,"Hi, can you help me find a cheap hotel with free wifi? Thank you",restaurant,NONE,{},[]
PMUL3469.json,it should arrive by 11:15. get me the price,restaurant,NONE,{},[]
PMUL1611.json,I will be traveling on sunday.,restaurant,NONE,{},[]
PMUL3838.json,I am coming to cambridge and would like some type of entertainment while visiting.,attraction,find_attraction,{'attraction-type': ['entertainment']},[]
PMUL4275.json,i'm trying to get to peterborough,restaurant,NONE,{},[]
SNG1235.json,I don't care when I leave as long as I get there by 15:30.,restaurant,NONE,{},[]
PMUL3413.json,I am looking for information in Cambridge,restaurant,NONE,{},[]
MUL2021.json,Yes I will traveling to Cambridge and want to arrive by 14:30.,restaurant,NONE,{},[]
SNG0643.json,"Hi, I would like a restaurant inthe centre of town which serves creative food please.",restaurant,find_restaurant,"{'restaurant-area': ['centre'], 'restaurant-food': ['creative']}",[]
PMUL4917.json,i need a place to stay,restaurant,NONE,{},[]
PMUL4320.json,I need a place to stay in the centre that includes free wifi.,restaurant,NONE,{},[]
MUL1989.json,I'm looking for information on Broughton house gallery.,attraction,find_attraction,{'attraction-name': ['broughton house gallery']},[]
PMUL4920.json,I am going to broxbourne on and need to arrive by 14:45.,restaurant,NONE,{},[]
MUL0025.json,While in Cambridge I need to find a restaurant called the rice boat.,restaurant,find_restaurant,{'restaurant-name': ['rice boat']},[]
SNG0373.json,"I would like to go to Ely, from Cambridge.",restaurant,NONE,{},[]
SNG0524.json,I'm looking for a moderately priced resturant in the centre of town.,restaurant,find_restaurant,"{'restaurant-area': ['centre'], 'restaurant-pricerange': ['moderate']}",[]
WOZ20252.json,Hi. Can you please help me find a restaurant that serves food from singapore ? I'd like it to be on the East side of town if possible.,restaurant,find_restaurant,"{'restaurant-area': ['east'], 'restaurant-food': ['singapore', 'singaporean']}",[]
PMUL1607.json,I need to leave after 15:00.,restaurant,NONE,{},[]
PMUL0061.json,I am looking for a good hotel in north Cambridge.,restaurant,NONE,{},[]
PMUL3276.json,I am planning a trip in Cambridge,restaurant,NONE,{},[]
PMUL3234.json,I would like to travel on Saturday and go to Leicester.,restaurant,NONE,{},[]
MUL1954.json,Hi! I'm looking to visit a museum. Are there any in the west part of town?,attraction,find_attraction,"{'attraction-area': ['west'], 'attraction-type': ['museum']}",[]
MUL1063.json,I'm looking for a decently priced guesthouse I can stay at for the day.,restaurant,NONE,{},[]
WOZ20453.json,I am looking for a cheap restaurant with Chinese food.,restaurant,find_restaurant,"{'restaurant-food': ['chinese'], 'restaurant-pricerange': ['cheap']}",['restaurant-food']
PMUL1220.json,"Hello, I am looking for a place called the broughton house gallery. Can you help me?",attraction,find_attraction,{'attraction-name': ['broughton house gallery']},[]
SNG01810.json,I am in need of a local hospital please. And it must have a oral and maxillofacial surgery and ent department!,hospital,find_hospital,{'hospital-department': ['oral and maxillofacial surgery and ent']},[]
PMUL0291.json,I would like to find a certain restaurant called the Maharajah Tandoori Restaurant. Can you find it for me?,restaurant,find_restaurant,{'restaurant-name': ['maharajah tandoori restaurant']},[]
SNG0118.json,I need to find the nearest police station.,restaurant,NONE,{},[]
WOZ20350.json,I am looking for a restaurant that serves Malaysian food and is in the cheap price range.,restaurant,find_restaurant,"{'restaurant-food': ['malaysian'], 'restaurant-pricerange': ['cheap']}",[]
SSNG0281.json,I want to find a place to stay in the cheap price range with free parking.,restaurant,NONE,{},[]
MUL2157.json,"I want to leave on Saturday and should arrive by 18:00, I have a doctors appointment to see to.",restaurant,NONE,{},[]
MUL1339.json,"Hi, I'm looking for a place to stay in the centre.",restaurant,NONE,{},[]
PMUL1882.json,i need a hotel with wifi in the north part of town,restaurant,NONE,{},[]
MUL2397.json,"Hi, I am looking for a restaurant. I would prefer an expensive restaurant in the west of the city.",restaurant,find_restaurant,"{'restaurant-area': ['west'], 'restaurant-pricerange': ['expensive']}",[]
PMUL2903.json,I'm visiting the area and want to stay at rosa's bed and breakfast.,restaurant,NONE,{},[]
PMUL0335.json,Does Cambridge have any expensive Austalasian restaurants?,restaurant,find_restaurant,"{'restaurant-food': ['austalasian', 'australian'], 'restaurant-pricerange': ['expensive']}",[]
SSNG0263.json,"I'm looking for a hotel that includes free wifi, but it doesn't need to have free parking.",restaurant,NONE,{},[]
SSNG0350.json,I am looking for the Warkworth House hotel.,restaurant,NONE,{},[]
MUL0701.json,I am looking for a hotel called Hobsons House.,restaurant,NONE,{},[]
MUL1996.json,"I'm heading to Broxbourne, and I'd like to leave after 13:45.",restaurant,NONE,{},[]
PMUL3486.json,I would like to leave on Sunday.,restaurant,NONE,{},[]
PMUL2722.json,I'm looking for a hotel with free wifi.,restaurant,NONE,{},[]
MUL0231.json,I want to leave to arrive by 11:30 on Tuesday and Cambridge is my destination.,restaurant,find_restaurant,{},[]
MUL0879.json,I need to find an Italian restaurant please.,restaurant,find_restaurant,{'restaurant-food': ['italian']},[]
SNG0704.json,I'm looking for an Australian place to dine in. I need it to be cheap.,restaurant,find_restaurant,"{'restaurant-food': ['australian'], 'restaurant-pricerange': ['cheap']}",[]
PMUL4912.json,"Yes, can you please book me for 3 people and get me a reference number?",restaurant,NONE,{},[]
PMUL1472.json,"I need to go from Broxbourne to Cambridge on Friday. I would like to leave after 19:15, please.",restaurant,NONE,{},[]
PMUL1270.json,What is the cost per ticket?,restaurant,NONE,{},[]
PMUL2833.json,Hello! I'm lookng for someplace to go in the centre.,attraction,find_attraction,{'attraction-area': ['centre']},[]
SNG0833.json,I'm looking for a guesthouse with free parking.,restaurant,NONE,{},[]
MUL2539.json,I need place to stay in Cambridge. Want it cheap with 4 stars.,restaurant,NONE,{},[]
MUL1830.json,"Hi, I'm looking for a place to go in the centre part of town. Are there any interesting attractions?",attraction,find_attraction,{'attraction-area': ['centre']},[]
MUL2678.json,I want to visit some colleges.,attraction,find_attraction,{'attraction-type': ['college']},[]
SNG0183.json,"I'd like to locate Addenbrookes Hospital, please.",restaurant,NONE,{},[]
SNG0177.json,I've been injured and I need a hospital that is close to this location.,restaurant,NONE,{},[]
SSNG0046.json,"I need your help in finding a particular restaurant. I don't know much about the restaurant, unfortunately I don't even know the food served. I do know the name: cafe uno.",restaurant,find_restaurant,{'restaurant-name': ['cafe uno']},[]
SNG0022.json,I can leave any time after 01:30. Can you send me the car type I can expect and the contact number?,restaurant,NONE,{},[]
PMUL3142.json,I am hoping you might be able to help me find a place to stay last minute. I am on a bit of a budget so I need something moderate.,restaurant,NONE,{},[]
SNG02193.json,I need the location of a local hospital.,restaurant,NONE,{},[]
PMUL0197.json,I'm needing a place to eat on the eastside.,restaurant,find_restaurant,{'restaurant-area': ['east']},[]
PMUL3237.json,i am looking for a place to dine. The restaurant should be in the west and should serve thai food.,restaurant,find_restaurant,"{'restaurant-area': ['west'], 'restaurant-food': ['thai']}",[]
PMUL2126.json,"Hi, I am looking for information on place to go.",restaurant,NONE,{},[]
MUL1172.json,I am looking for a multiple sports location in the centre of town,attraction,find_attraction,"{'attraction-area': ['centre'], 'attraction-type': ['multiple sports']}",[]
PMUL4872.json,Can you tell me about the attractions in the center of town?,attraction,find_attraction,{'attraction-area': ['centre']},[]
PMUL0989.json,I'm leaving from Cambridge on Monday.,restaurant,NONE,{},[]
SNG0108.json,Hello! I'm looking for the Parkside Police Station. Do you know where that is? Any additional information would be helpful. Thank you!,restaurant,NONE,{},[]
PMUL4997.json,"Hello, can you recommend a moderately-priced hotel in the Centre of town, please?",restaurant,find_restaurant,{},[]
PMUL4286.json,i need to find a place to go in the west,attraction,find_attraction,{'attraction-area': ['west']},[]
MUL0629.json,I'm leaving from Stevenage and I'll need to leave sometime after 21:15 if possible.,restaurant,NONE,{},[]
PMUL2158.json,I am looking for a attraction called whipple museum of the history of science.,attraction,find_attraction,{'attraction-name': ['whipple museum of the history of science']},[]
SNG01825.json,I'd prefer to leave after 02:30,restaurant,NONE,{},[]
WOZ20129.json,Is there an expensive restaurant any where in the south part of town?,restaurant,find_restaurant,"{'restaurant-area': ['south'], 'restaurant-pricerange': ['expensive']}",[]
SNG0130.json,Can you help me find the nearest police station? I was just robbed!,restaurant,NONE,{},[]
SNG0737.json,Hi. I am trying to find some information on a restaurant called India House. Have you heard of it?,restaurant,find_restaurant,{'restaurant-name': ['india house']},[]
SSNG0256.json,I need a place to stay. A guesthouse would be great.,restaurant,NONE,{},[]
SSNG0291.json,I need to find a place to stay that includes free wifi and doesn't need to have free parking.,restaurant,NONE,{},[]
PMUL4726.json,I'll be heading to Cambridge. Leaving from Stevenage. Can you tell me about this?,restaurant,NONE,{},[]
MUL0307.json,"Hi there! I'm searching for a relatively cheap Portuguese restaurant here in Cambridge, do you have any recommendations?",restaurant,find_restaurant,"{'restaurant-food': ['portuguese'], 'restaurant-pricerange': ['cheap']}",[]
PMUL3556.json,Could you help me find a place to stay with free parking and free wifi?,restaurant,NONE,{},[]
PMUL2029.json,Are there any museums in Cambridge?,attraction,find_attraction,{'attraction-type': ['museum']},[]
SNG0612.json,I would like a cheap restaurant in the east!,restaurant,find_restaurant,"{'restaurant-area': ['east'], 'restaurant-pricerange': ['cheap']}",[]
MUL1259.json,Are there any 4-star places to stay that also have free wifi?,restaurant,NONE,{},[]
MUL2109.json,I was hoping to book lodging in the Cambridge Belfry.,restaurant,NONE,{},[]
MUL0377.json,Can you tell me the location of an Indian restaurant in the centre?,restaurant,find_restaurant,"{'restaurant-area': ['centre'], 'restaurant-food': ['indian']}",[]
SNG02183.json,I'm going to cocum.,restaurant,NONE,{},[]
SNG01261.json,I am looking for a place to stay. The hotel should include free wifi and should be in the type of hotel,restaurant,NONE,{},[]
PMUL3007.json,i need places to go in town,restaurant,NONE,{},[]
PMUL3667.json,I am looking for activities tomorrow within the town.,restaurant,NONE,{},[]
PMUL0511.json,"I'd like to leave Cambridge on Wednesday, please.",restaurant,find_restaurant,{},[]
PMUL3724.json,i need a place to stay,restaurant,NONE,{},[]
PMUL4973.json,I am leaving from Cambridge.,restaurant,NONE,{},[]
WOZ20272.json,I need the name and phone number for a cantonese restaurant on the west side of town.,restaurant,find_restaurant,"{'restaurant-area': ['west'], 'restaurant-food': ['cantonese']}",['restaurant-phone']
PMUL4684.json,I am planning a trip in Cambridge,restaurant,NONE,{},[]
SNG0717.json,I'm looking for a place to dine in the moderate price range in the east.,restaurant,find_restaurant,"{'restaurant-area': ['east'], 'restaurant-pricerange': ['moderate']}",[]
SSNG0119.json,I need help finding a place to eat called curry garden.,restaurant,find_restaurant,{'restaurant-name': ['curry garden']},[]
SNG0350.json,I will be traveling on Saturday and want to leave from peterborough.,restaurant,NONE,{},[]
SNG0696.json,What fancy restaurants are there on the east side of town?,restaurant,find_restaurant,"{'restaurant-area': ['east'], 'restaurant-pricerange': ['expensive']}",[]
MUL1721.json,I'm looking for information on parks in Cambridge.,attraction,find_attraction,{'attraction-type': ['park']},[]
PMUL3420.json,do you have information about attractions in the west?,attraction,find_attraction,{'attraction-area': ['west']},[]
PMUL3211.json,I am planning a trip in Cambridge looking for a restaurant.,restaurant,find_restaurant,{},[]
MUL1949.json,Looking to go to Stansted Airport on Sunday,restaurant,NONE,{},[]
PMUL1745.json,I will be traveling on sunday and departing from london kings cross.,restaurant,NONE,{},[]
PMUL4398.json,i need a place to dine in the center thats expensive,restaurant,find_restaurant,"{'restaurant-area': ['centre'], 'restaurant-pricerange': ['expensive']}",[]
SNG1013.json,"Guten Tag, I am staying overnight in Cambridge and need a place to sleep. I need free parking and internet.",restaurant,NONE,{},[]
PMUL0121.json,Hi there! Can you give me some info on Cityroomz?,restaurant,NONE,{},[]
PMUL3484.json,I am looking for a hotel named alyesbray lodge guest house.,restaurant,NONE,{},[]
SNG0389.json,I want to leave on Tuesday.,restaurant,NONE,{},[]
SNG01520.json,I am looking for a restaurant. I would like something cheap that has Chinese food.,restaurant,find_restaurant,"{'restaurant-food': ['chinese'], 'restaurant-pricerange': ['cheap']}",[]
PMUL3951.json,Saturday leaving Cambridge anytime after 20:00 please,restaurant,find_restaurant,{},[]
PMUL0843.json,I'm looking for an expensive restaurant in the centre if you could help me.,restaurant,find_restaurant,"{'restaurant-area': ['centre'], 'restaurant-pricerange': ['expensive']}",[]
PMUL2979.json,I'm looking for a places to go and see during my upcoming trip to Cambridge.,restaurant,NONE,{},[]
MUL1681.json,"From Cambridge, which is why I asked the Cambridge TownInfo centre.",restaurant,NONE,{},[]
MUL0928.json,"Yeah, could you recommend a good gastropub?",restaurant,find_restaurant,{'restaurant-food': ['gastropub']},[]
WOZ20645.json,"I want to find an expensive restaurant and serves european food. Can i also have the address, phone number and its area. ?",restaurant,find_restaurant,"{'restaurant-food': ['european'], 'restaurant-pricerange': ['expensive']}","['restaurant-area', 'restaurant-phone', 'restaurant-address']"
SNG02152.json,I will be departing from Primavera.,restaurant,NONE,{},[]
PMUL2460.json,Where's a good place to eat crossover food in Cambridge?,restaurant,find_restaurant,{'restaurant-food': ['crossover']},[]
MUL0358.json,I want a restaurant in the north of Cambridge that is within a moderate price range.,restaurant,find_restaurant,"{'restaurant-area': ['north'], 'restaurant-pricerange': ['moderate']}",[]
PMUL4450.json,Yes. Give me the ref number please.,restaurant,NONE,{},[]
PMUL1251.json,I want to leave on Wednesday from Cambridge.,restaurant,NONE,{},[]
PMUL1842.json,I need a place to stay that has free wifi.,restaurant,NONE,{},[]
PMUL4896.json,"Hi, I'm traveling to Cambridge soon and am looking forward to seeing some local tourist attractions.",restaurant,NONE,{},[]
MUL2431.json,Can you help me book a table at a chinese restaurant that's in the centre of town?,restaurant,find_restaurant,"{'restaurant-area': ['centre'], 'restaurant-food': ['chinese']}",[]
SNG1375.json,"I need to leave a little after 8:00 on Sunday, and I'm leaving from Cambridge.",restaurant,NONE,{},[]
PMUL1031.json,I want to leave on Sunday.,restaurant,NONE,{},[]
WOZ20027.json,I am looking for a restaurant that is in the expensive price range and in the south part of town.,restaurant,find_restaurant,"{'restaurant-area': ['south'], 'restaurant-pricerange': ['expensive']}",[]
PMUL4827.json,Can you help me find an expensive Chinese food restaurant?,restaurant,find_restaurant,"{'restaurant-food': ['chinese'], 'restaurant-pricerange': ['expensive']}",[]
PMUL3086.json,I am planning a vacation and really could use some help finding a good place to stay in town. I've never been to Cambridge before.,restaurant,NONE,{},[]
SNG0598.json,"I'm looking to go to dinner tonight and am in the mood for some good Bistro in the centre of town, can you find me some options?",restaurant,find_restaurant,"{'restaurant-area': ['centre'], 'restaurant-food': ['bistro']}",[]
SNG01162.json,I am looking for a particular restaurant. Its name is called travellers rest,restaurant,find_restaurant,{'restaurant-name': ['travellers rest']},[]
PMUL1146.json,"I want to leave after 16:45, depart from Birmingham New Street.",restaurant,NONE,{},[]
SSNG0018.json,"Heya, can you find me an expensive restaurant with north african food?",restaurant,find_restaurant,"{'restaurant-food': ['african'], 'restaurant-pricerange': ['expensive']}",[]
MUL2293.json,I'm planning a trip to Cambridge and I was told the A and B Guest House was a great place to stay. Can you give me information about it?,restaurant,NONE,{},[]
PMUL1586.json,I am traveling on Sunday,restaurant,NONE,{},[]
SNG0039.json,I need it to pick me up from gourmet burger kitchen.,restaurant,NONE,{},[]
SSNG0142.json,I am looking for a restaurant.,restaurant,find_restaurant,{},[]
SNG01795.json,I plan to leave from stevenage to go to Cambridge.,restaurant,NONE,{},[]
PMUL4433.json,"Yes, departing from Cambridge. We'll be leaving on Tuesday, hopefully after 15:15.",restaurant,NONE,{},[]
SNG1116.json,I am getting ready to go off to college. I thought while I was in town maybe I could visit one.,attraction,find_attraction,{'attraction-type': ['college']},[]
SNG1165.json,I am looking for a high priced hotel in the north side of town,restaurant,NONE,{},[]
PMUL3460.json,"Hi, what can you tell me about the bangkok city restaurant?",restaurant,find_restaurant,{'restaurant-name': ['bangkok city']},[]
PMUL2583.json,"I'm looking for a hotel, can you help?",restaurant,NONE,{},[]
MUL1914.json,Departing from ely to cambridge.,restaurant,NONE,{},[]
PMUL2097.json,Please find me a place to dine that's expensive and in the centre.,restaurant,find_restaurant,"{'restaurant-area': ['centre'], 'restaurant-pricerange': ['expensive']}",[]
PMUL0949.json,I'm looking for a particular restaurant called ask. Please give me information on that restaurant.,restaurant,find_restaurant,{'restaurant-name': ['ask']},[]
PMUL3847.json,What fun places can I visit in the East?,attraction,find_attraction,{'attraction-area': ['east']},[]
PMUL2710.json,"Hi, I am traveling to Cambridge and am super excited to see some local tourist attractions. I am looking for some suggestions on places to go in town.",restaurant,NONE,{},[]
WOZ20385.json,"Hey, I'm up south can you give me a place to eat?",restaurant,find_restaurant,{'restaurant-area': ['south']},[]
PMUL0172.json,I will be staying in Cambridge. I need a hotel with wifi.,restaurant,NONE,{},[]
PMUL3867.json,Can you assist me in finding me an Expensive Restaurant in Cambridge where I can dine? The restaurant should be serving British foods.,restaurant,find_restaurant,"{'restaurant-food': ['british'], 'restaurant-pricerange': ['expensive']}",[]
SNG01373.json,I would like to arrive at one o'clock p.m. because I am meeting my husband there when he goes on his lunch break.,restaurant,NONE,{},[]
PMUL3555.json,I am planning a trip in Cambridge.,restaurant,NONE,{},[]
SNG01958.json,"Hi, I am trying to find the police station that's closest to my location please.",restaurant,NONE,{},[]
SNG0935.json,I live in the centre of town and want to see if I can find a reasonable room for my parents to stay while they are visiting.,restaurant,NONE,{},[]
PMUL3529.json,I am looking for information in Cambridge. I need a place to dine.,restaurant,find_restaurant,{},[]
PMUL1576.json,I'll be leaving this place on Saturday.,restaurant,NONE,{},[]
SNG0143.json,"Hello, I need information on the parkside police station.",restaurant,NONE,{},[]
PMUL2676.json,I would like to find a cheap hotel to stay at where there is free parking. Do you have any suggestions?,restaurant,NONE,{},[]
MUL0485.json,"I am looking for a place to go in the centre, of type multiple sports.",attraction,find_attraction,"{'attraction-area': ['centre'], 'attraction-type': ['multiple sports']}",[]
SNG1382.json,I am looking for a 4 star place to stay.,restaurant,NONE,{},[]
SSNG0095.json,I'm looking for a place to eat. I would like it to be an expensive restaurant in the centre.,restaurant,find_restaurant,"{'restaurant-area': ['centre'], 'restaurant-pricerange': ['expensive']}",[]
PMUL1969.json,I would like to find out information about a hotel called Warkworth House.,restaurant,NONE,{},[]
MUL0015.json,"I need a hotel with free wifi and free parking, thank you",restaurant,NONE,{},[]
MUL0969.json,"Hi, I need a moderate price range restaurant in the centre of town.",restaurant,find_restaurant,"{'restaurant-area': ['centre'], 'restaurant-pricerange': ['moderate']}",[]
PMUL0800.json,We will be on the west side of town and would like to find a place to eat while there.,restaurant,find_restaurant,{'restaurant-area': ['west']},[]
PMUL3610.json,I am planning a trip in Cambridge,restaurant,NONE,{},[]
MUL1151.json,"I am traveling to Cambridge and excited about seeing location attractions. Could you help me find a place to go, like a college?",attraction,find_attraction,{'attraction-type': ['college']},[]
PMUL1873.json,I'm looking for a hotel that includes free wifi and free parking.,restaurant,NONE,{},[]
PMUL4349.json,Let's find me an expensiove place to eat in the centre,restaurant,find_restaurant,"{'restaurant-area': ['centre'], 'restaurant-pricerange': ['expensive']}",[]
SNG0509.json,I would like to eat in the Center of town at a expensive place.,restaurant,find_restaurant,"{'restaurant-area': ['centre'], 'restaurant-pricerange': ['expensive']}",[]
PMUL1566.json,Can you help me find a place to stay that's four stars and has free wifi?,restaurant,NONE,{},[]
PMUL3566.json,I don't know if this is possible but can you please get me some information on the alexander bed and breakfast?,restaurant,NONE,{},[]
PMUL1209.json,I'd like to leave on wednesday and should arrive by 13:00,restaurant,NONE,{},[]
PMUL0115.json,I need a place to eat that is expensive.,restaurant,find_restaurant,{'restaurant-pricerange': ['expensive']},[]
PMUL3769.json,I am planning a trip in Cambridge,restaurant,NONE,{},[]
SNG0819.json,"Hello, I'm looking for a place to stay in town. I'd like a place with free parking and a 2 star rating, please.",restaurant,NONE,{},[]
PMUL1714.json,I want to depart from London and arrive in Cambridge.,restaurant,NONE,{},[]
PMUL2135.json,"Hi, I am planning a trip and could use some help with a particular attraction.",restaurant,NONE,{},[]
PMUL1941.json,I need to leave Wednesday and arrive after 11:15.,restaurant,NONE,{},[]
MUL0616.json,From Cambridge and I want to arrive by 20:30.,restaurant,NONE,{},[]
SNG0952.json,Can you help me in finding a suitable guesthouse please?,restaurant,NONE,{},[]
PMUL1254.json,Can you help me find a place to go on the east side of town where I can enjoy multiple sports? Thanks.,attraction,find_attraction,"{'attraction-area': ['east'], 'attraction-type': ['multiple sports']}",[]
WOZ20556.json,"Hi, I want a moderately priced restaurant located in the south part of town.",restaurant,find_restaurant,"{'restaurant-area': ['south'], 'restaurant-pricerange': ['moderate']}",[]
WOZ20251.json,I would like inexpensive Turkish food.,restaurant,find_restaurant,"{'restaurant-food': ['turkish'], 'restaurant-pricerange': ['cheap']}",[]
PMUL1961.json,Hi! Would you please help me find a hotel to stay at?,restaurant,NONE,{},[]
SNG1239.json,"monday, after 11:15",restaurant,NONE,{},[]
WOZ20364.json,I would like a restaurant that serves world food,restaurant,find_restaurant,{'restaurant-food': ['world']},[]
PMUL2160.json,Can you find me an expensive restaurant in the north?,restaurant,find_restaurant,"{'restaurant-area': ['north'], 'restaurant-pricerange': ['expensive']}",[]
MUL0564.json,"Hello, do you have any information regarding interesting theatres to visit in the centre of town?",attraction,find_attraction,"{'attraction-area': ['centre'], 'attraction-type': ['theatre']}",[]
PMUL1398.json,I am leaving cambridge on Tuesday and going to Birmingham new street.,restaurant,NONE,{},[]
WOZ20486.json,I need a South restaurant with british food.,restaurant,find_restaurant,"{'restaurant-area': ['south'], 'restaurant-food': ['british']}",[]
SNG0702.json,Are you able to find me a french expensive restaurant?,restaurant,find_restaurant,"{'restaurant-food': ['french'], 'restaurant-pricerange': ['expensive']}",[]
PMUL2406.json,I want to know where I can go in the town centre of Cambridge.,restaurant,find_restaurant,{},[]
PMUL4611.json,I will be leaving after 15:15 on Tuesday.,restaurant,NONE,{},[]
SNG0220.json,"I'm looking for a hospital, specifically the Addenbrookes Hospital.",restaurant,NONE,{},[]
SNG0818.json,Could you help me find a 0 star hotel?,restaurant,NONE,{},[]
SSNG0100.json,"Good morning, I need help finding a restaurant that serves bistro in the moderate price range.",restaurant,find_restaurant,"{'restaurant-food': ['bistro'], 'restaurant-pricerange': ['moderate']}",[]
PMUL2534.json,I'm looking for a hotel called Kirkwood House please.,restaurant,NONE,{},[]
SSNG0144.json,Can you help me find a moderately priced place to eat located in the centre?,restaurant,find_restaurant,"{'restaurant-area': ['centre'], 'restaurant-pricerange': ['moderate']}",[]
SNG01330.json,"Yes, could you help me find the Parkside Police Station please?",restaurant,NONE,{},[]
PMUL3268.json,Can you help me find a place to stay that is expensive and includes free parking?,restaurant,NONE,{},[]
SNG01431.json,I am departing from sheep's green and lammas land park fen causeway.,restaurant,NONE,{},[]
SNG1111.json,"Good Morning, I am looking for a place to on the east side that has entertainment",attraction,find_attraction,"{'attraction-area': ['east'], 'attraction-type': ['entertainment']}",[]
PMUL0788.json,I want to find an expensive restaurant in the centre of town.,restaurant,find_restaurant,"{'restaurant-area': ['centre'], 'restaurant-pricerange': ['expensive']}",[]
PMUL0540.json,What are my options for cheap restaurants in the city center?,restaurant,find_restaurant,"{'restaurant-area': ['centre'], 'restaurant-pricerange': ['cheap']}",[]
MUL1101.json,I would like a guesthouse in the moderate price range. Do you think you could find one for me?,restaurant,NONE,{},[]
SSNG0343.json,I am looking for a hotel that gives me free parking and free wifi.,restaurant,NONE,{},[]
MUL2257.json,I would like to arrive wednesday at 16:45.,restaurant,NONE,{},[]
WOZ20580.json,Is there any place here in the centre that serves corsica food?,restaurant,find_restaurant,"{'restaurant-area': ['centre'], 'restaurant-food': ['corsica']}",[]
PMUL0135.json,I need a cheap place to eat on the south side of town.,restaurant,find_restaurant,"{'restaurant-area': ['south'], 'restaurant-pricerange': ['cheap']}",[]
WOZ20389.json,I am looking for a cheap restaurant that serves Scandinavian food,restaurant,find_restaurant,"{'restaurant-food': ['scandinavian'], 'restaurant-pricerange': ['cheap']}",[]
SNG0189.json,Please find for me the location of Addenbrookes Hospital.,restaurant,NONE,{},[]
SNG01669.json,I am looking for a place to stay. The hotel should include free wifi and should be in the type of hotel,restaurant,NONE,{},[]
PMUL3659.json,on wednesday by 8 15 please,restaurant,NONE,{},[]
MUL0526.json,I'm looking for a multiple sports attraction in the area of center.,attraction,find_attraction,"{'attraction-area': ['centre'], 'attraction-type': ['multiple sports']}",[]
SSNG0297.json,Can you find me a 3 star hotel in the centre?,restaurant,NONE,{},[]
PMUL2797.json,I am sorry I mean I want a nightclub to go in the wast side of town.,attraction,find_attraction,"{'attraction-area': ['west'], 'attraction-type': ['nightclub']}",[]
MUL0905.json,I'm looking for some place to go in the town centre. Something sports related.,attraction,find_attraction,"{'attraction-area': ['centre'], 'attraction-type': ['multiple sports']}",[]
PMUL1547.json,I want to leave by 19:30.,restaurant,NONE,{},[]
MUL0932.json,I'm looking for a restaurant that serves international food.,restaurant,find_restaurant,{'restaurant-food': ['international']},[]
SNG01433.json,I want to find a hospital in town,restaurant,NONE,{},[]
PMUL2035.json,I need a three star hotel with internet. Can you help?,restaurant,NONE,{},[]
PMUL1820.json,I'm looking for a hotel called city centre north b and b,restaurant,NONE,{},[]
PMUL0917.json,I am look for a hotel near the beach near the main strip,restaurant,NONE,{},[]
WOZ20210.json,I'm looking for an expensive restaurant in the south part of town,restaurant,find_restaurant,"{'restaurant-area': ['south'], 'restaurant-pricerange': ['expensive']}",[]
SNG1390.json,I am looking for information about a hotel called the autumn house.,restaurant,NONE,{},[]
SNG0238.json,Could you find me a hospital in town?,restaurant,NONE,{},[]
PMUL1303.json,Could you check for a bus?,restaurant,NONE,{},[]
MUL0216.json,"I will be departing leicester going to cambridge, sorry for the confusion. I need to leave after 11:45 also.",restaurant,NONE,{},[]
MUL2656.json,I am looking for a place to stay.,restaurant,NONE,{},[]
PMUL4420.json,I am leaving peterborough.,restaurant,NONE,{},[]
WOZ20407.json,"I want to find a restaurant in the east part of town. It serves chinese food. What is the address, phone number, and postcode?",restaurant,find_restaurant,"{'restaurant-area': ['east'], 'restaurant-food': ['chinese']}","['restaurant-phone', 'restaurant-postcode', 'restaurant-address']"
SNG01549.json,I want a hospital in town.,restaurant,NONE,{},[]
PMUL4983.json,Is there anything interesting to see in the centre of town?,attraction,find_attraction,{'attraction-area': ['centre']},[]
PMUL3111.json,I'm looking for a cheap place to stay. Can you help?,restaurant,NONE,{},[]
SNG0121.json,I've just been robbed. I need to report it.,restaurant,NONE,{},[]
PMUL2904.json,"No, but I am looking for a nightclub to go to. What ones are there?",attraction,find_attraction,{'attraction-type': ['nightclub']},[]
PMUL2517.json,"I'm looking for a hotel, is that something you help with?",restaurant,NONE,{},[]
SNG0375.json,I would like to book a hotel room for two.,restaurant,NONE,{},[]
PMUL1007.json,Not really but I am departing from Cambridge and going to Birmingham New Street.,restaurant,NONE,{},[]
MUL2572.json,Can you book a hotel for me? I would like a 3 star hotel or greater in downtown Cambridge for tonight for 2 people.,restaurant,NONE,{},[]
PMUL4498.json,i am looking for information in Cambridge.,restaurant,NONE,{},[]
PMUL3762.json,I'd like to find out more about expensive restaurants in the city centre.,restaurant,find_restaurant,"{'restaurant-area': ['centre'], 'restaurant-pricerange': ['expensive']}",[]
SNG02339.json,I want to eat at an expensive gastropub restaurant,restaurant,find_restaurant,"{'restaurant-food': ['gastropub'], 'restaurant-pricerange': ['expensive']}",[]
PMUL3489.json,I need a list of cheap places to stay that include free parking.,restaurant,NONE,{},[]
PMUL2893.json,"Hi, I am planning a trip and need some suggestions. I am looking for places to go in town.",restaurant,NONE,{},[]
PMUL2791.json,"Hi, I am planning a trip to your beautiful town and am looking for places to go when I get there. Can you help me?",restaurant,NONE,{},[]
PMUL0366.json,I need a place to eat in the centre of town.,restaurant,find_restaurant,{'restaurant-area': ['centre']},[]
MUL1467.json,I need to find a place to eat in the centre of Cambridge.,restaurant,find_restaurant,{'restaurant-area': ['centre']},[]
PMUL3499.json,Thursday. I need to arrive by 12:45.,restaurant,NONE,{},[]
SNG0150.json,I have been robbed and need to know how I can get help.,restaurant,NONE,{},[]
WOZ20505.json,I want something that's moderately priced. Any type of food.,restaurant,find_restaurant,"{'restaurant-food': ['dontcare'], 'restaurant-pricerange': ['moderate']}",['restaurant-food']
WOZ20484.json,I am looking for a cheap restaurant.,restaurant,find_restaurant,{'restaurant-pricerange': ['cheap']},[]
PMUL0141.json,I'm looking to get some info about a hotel called Home from Home,restaurant,NONE,{},[]
PMUL3901.json,I already told you.,restaurant,NONE,{},[]
MUL0907.json,I am looking for a restaurant in the centre of town.,restaurant,find_restaurant,{'restaurant-area': ['centre']},[]
PMUL2037.json,I'd like to find out more about taking a tour of Trinity College.,attraction,find_attraction,"{'attraction-name': ['trinity college'], 'attraction-type': ['college']}",[]
MUL1315.json,"Hi, I need a hotel on the west side, please.",restaurant,NONE,{},[]
MUL0812.json,I'm looking for an expensive restaurant in the center of town.,restaurant,find_restaurant,"{'restaurant-area': ['centre'], 'restaurant-pricerange': ['expensive']}",[]
SNG0761.json,"Hey, I need a place to stay with free wifi and free parking.",restaurant,NONE,{},[]
SNG01729.json,"I'm hurt and I need to find a hospital. Oh, and one with an oncology department!",hospital,find_hospital,{'hospital-department': ['oncology']},[]
PMUL3447.json,I need to leave after 21:15. Can you book this for four people? I need a reference number.,restaurant,NONE,{},[]
SNG02348.json,I'm going to saint johns chop house.,restaurant,NONE,{},[]
SNG02229.json,I'll be departing from j restaurant.,restaurant,NONE,{},[]
PMUL4372.json,Please find me an expensive place to dine on the South side of town,restaurant,find_restaurant,"{'restaurant-area': ['south'], 'restaurant-pricerange': ['expensive']}",[]
MUL1403.json,Any time that lets me arrive by 08:45.,restaurant,NONE,{},[]
PMUL0319.json,I'm looking for an expensive restaurant in the south.,restaurant,find_restaurant,"{'restaurant-area': ['south'], 'restaurant-pricerange': ['cheap']}",[]
SNG0868.json,I am looking for a certain hotel. Could you see if you might have any info on it?,restaurant,NONE,{},[]
PMUL0029.json,I am looking for a place to stay,restaurant,NONE,{},[]
PMUL2321.json,I'm looking for a place to dine in the centre in the moderate price range.,restaurant,find_restaurant,"{'restaurant-area': ['centre'], 'restaurant-pricerange': ['moderate']}",[]
PMUL4214.json,i am looking for places to go in town. The attraction should be in the type of college and should be in the centre.,attraction,find_attraction,"{'attraction-area': ['centre'], 'attraction-type': ['college']}",[]
SSNG0159.json,Can you help me find a cheap restaurant in the centre?,restaurant,find_restaurant,"{'restaurant-area': ['centre'], 'restaurant-pricerange': ['cheap']}",[]
PMUL1073.json,I want to leave on Wednesday and arrive by 15:30.,restaurant,NONE,{},[]
PMUL1489.json,I would like to go to a theatre in town. How many are there and where are they?,attraction,find_attraction,{'attraction-type': ['theatre']},[]
SNG0606.json,I would like a restaurant in the centre and in the moderate price range.,restaurant,find_restaurant,"{'restaurant-area': ['centre'], 'restaurant-pricerange': ['moderate']}",[]
PMUL2273.json,"Hello, can I please have some information on the types of museums that are available in Cambridge and their location?",attraction,find_attraction,{'attraction-type': ['museum']},[]
SNG0462.json,Hi! Can you give me some information on the Royal Spice restaurant?,restaurant,find_restaurant,{'restaurant-name': ['royal spice']},[]
PMUL2619.json,"Hi, I am planning my Cambridge trip and could use some help with a particular attraction.",restaurant,NONE,{},[]
SNG0147.json,"Yes I need the nearest police station, I was in a car accident.",restaurant,NONE,{},[]
SNG0306.json,It will be for Thursday.,restaurant,NONE,{},[]
SNG0157.json,where is the Addenbrookes Hospital?,hospital,find_hospital,{},[]
PMUL3822.json,"Hi, I could use help with my planning. I am trying to find a place to stay.",restaurant,NONE,{},[]
WOZ20144.json,"Hello, I am looking for a restaurant that serves Portuguese food.",restaurant,find_restaurant,{'restaurant-food': ['portuguese']},[]
PMUL4957.json,I am looking for some places to go in town. I'm so excited about seeing some of the local attractions.,restaurant,NONE,{},[]
MUL1306.json,I am looking for an expensive gastropub restaurant in Cambridge,restaurant,find_restaurant,"{'restaurant-food': ['gastropub'], 'restaurant-pricerange': ['expensive']}",[]
MUL1867.json,"Hi, can you suggest some tourist sites to visit in Cambridge?",restaurant,NONE,{},[]
PMUL1401.json,"Hi, I'm curious about attractions located in the center of town.",attraction,find_attraction,{'attraction-area': ['centre']},[]
MUL1951.json,I am trying to find a museum to go to while I am in Cambridge on holiday.,attraction,find_attraction,{'attraction-type': ['museum']},[]
PMUL2639.json,I'm looking for an attraction in the category of swimming pool.,attraction,find_attraction,{'attraction-type': ['swimmingpool']},[]
PMUL1169.json,Can you help me find a concert hall?,attraction,find_attraction,{'attraction-type': ['concerthall']},[]
PMUL0490.json,"I'm looking for lodgings on the east side, in the expensive price range.",restaurant,find_restaurant,{},[]
SNG01268.json,I am looking for a place to stay. The hotel should be in the type of guesthouse and doesn't need to include internet,restaurant,NONE,{},[]
SNG02286.json,I've been robbed. Can I get some help?,restaurant,NONE,{},[]
MUL1032.json,I am looking for Warkworth House hotel. Any information on it?,restaurant,NONE,{},[]
SNG0947.json,"Hi, I need a place to stay with free wifi and in a moderate price range.",restaurant,NONE,{},[]
MUL0793.json,I am going from Cambridge to Leicester.,restaurant,NONE,{},[]
PMUL0735.json,"I want to leave on Sunday, please.",restaurant,find_restaurant,{},[]
MUL1307.json,I am looking for a hotel in Cambridge.,restaurant,NONE,{},[]
PMUL1437.json,"I'll be departing Bishops Stortford. My departure time is flexible, but I need to arrive by 16:30.",restaurant,NONE,{},[]
MUL0347.json,I would like to go to Stevenage please and depart from Cambridge.,restaurant,NONE,{},[]
SNG0957.json,Can you give me some information on the Avalon Hotel?,restaurant,NONE,{},[]
WOZ20087.json,Looking for a restaurant on the South part of town?,restaurant,find_restaurant,{'restaurant-area': ['south']},[]
WOZ20373.json,I am looking for a French restaurant.,restaurant,find_restaurant,{'restaurant-food': ['french']},[]
SNG0514.json,I'm looking for an expensive restaurant in the center of town.,restaurant,find_restaurant,"{'restaurant-area': ['centre'], 'restaurant-pricerange': ['expensive']}",[]
PMUL2735.json,Hi! I'm looking for an attraction named Kambar.,attraction,find_attraction,{'attraction-name': ['kambar']},[]
MUL2406.json,I'm looking for a cheap portuguese restaurant,restaurant,find_restaurant,"{'restaurant-food': ['portuguese'], 'restaurant-pricerange': ['cheap']}",[]
PMUL2294.json,I'm looking for some cheap Chinese food. Got any restaurants that fit the bill?,restaurant,find_restaurant,"{'restaurant-food': ['chinese'], 'restaurant-pricerange': ['cheap']}",[]
MUL1464.json,I'm looking for an indonesian restaurant that's moderate in price.,restaurant,find_restaurant,"{'restaurant-food': ['indonesian'], 'restaurant-pricerange': ['moderate']}",[]
PMUL4223.json,I'm in the mood for some modern eclectic food so please find me a cheap restaurant that sells some,restaurant,find_restaurant,"{'restaurant-food': ['modern eclectic'], 'restaurant-pricerange': ['cheap']}",[]
PMUL2032.json,"Yes, I am looking forward to trying some local restaurants when I am there. Can you help me find a place to dine?",restaurant,find_restaurant,{},[]
SSNG0079.json,I'm looking for an inexpensive African restaurant.,restaurant,find_restaurant,"{'restaurant-food': ['african'], 'restaurant-pricerange': ['cheap']}",[]
PMUL0840.json,Stansted Airport please.,restaurant,NONE,{},[]
SSNG0218.json,I am looking for the Limehouse hotel.,restaurant,NONE,{},[]
PMUL4625.json,"I am staying in the centre of cambridge, can you tell me about places to go there?",attraction,find_attraction,{'attraction-area': ['centre']},[]
SNG0161.json,where is the Addenbrookes Hospital?,restaurant,NONE,{},[]
SNG1306.json,i am looking for a particular restaurant. Its name is called restaurant two two.,restaurant,find_restaurant,{'restaurant-name': ['restaurant two two']},[]
PMUL0850.json,"Hi, I'm going to be visiting soon, and I am interested in trying a restaruant called Curry Prince. Could you give me more information about it?",restaurant,find_restaurant,{'restaurant-name': ['curry prince']},[]
PMUL3633.json,i need somewhere to go.,restaurant,NONE,{},[]
MUL2079.json,"I need a cheap place to stay, what would you recommend?",restaurant,NONE,{},[]
PMUL2118.json,I am looking for a place to visit in town that is architecture.,attraction,find_attraction,{'attraction-type': ['architecture']},[]
PMUL3757.json,"Howdy, it would help me a great deal if you could please get me some information about the alexander bed and breakfast",restaurant,NONE,{},[]
PMUL4586.json,I need to leave after 11:15 on Sunday.,restaurant,NONE,{},[]
MUL2114.json,"I'm departing from london kings cross and going to cambridge on Friday. I'm working, so I have to wait until after 11:45 to leave.",restaurant,NONE,{},[]
PMUL1460.json,Can you tell me more about the attraction called cambridge museum of technology?,attraction,find_attraction,"{'attraction-area': ['east'], 'attraction-name': ['cambridge museum of technology']}",[]
MUL0169.json,I would like to eat at cheap restaurant in the centre while I am here in Cambridge.,restaurant,find_restaurant,"{'restaurant-area': ['centre'], 'restaurant-pricerange': ['cheap']}",[]
PMUL2954.json,"Hi, I'm looking for information on entertainment attractions located in the centre.",attraction,find_attraction,"{'attraction-area': ['centre'], 'attraction-type': ['entertainment']}",[]
PMUL4771.json,I want to leave from Cambridge and arrive at London Liverpool Street.,restaurant,NONE,{},[]
PMUL0311.json,I need to find a place to eat in Centre please.,restaurant,find_restaurant,{'restaurant-area': ['centre']},[]
PMUL1367.json,I'm trying to go to cambridge.,restaurant,NONE,{},[]
MUL0160.json,I need a hotel in the east which includes free wifi.,restaurant,find_restaurant,{},[]
MUL0699.json,I'm looking for a hotel in Cambridge in the higher prices ranges and would like for it to include free parking.,restaurant,NONE,{},[]
PMUL0316.json,"I'd like to find a restaurant that offers Asian Oriental cuisine, in the centre, if possible.",restaurant,find_restaurant,"{'restaurant-area': ['centre'], 'restaurant-food': ['asian oriental']}",[]
MUL0284.json,I am looking to depart from Birmingham new street after 12:45,restaurant,NONE,{},[]
WOZ20147.json,Is there a cheap restaurant serving belgian food?,restaurant,find_restaurant,"{'restaurant-food': ['belgian'], 'restaurant-pricerange': ['cheap']}",[]
SNG01570.json,i am looking for the Addenbrookes Hospital with neurology department,hospital,find_hospital,{'hospital-department': ['neurology']},[]
MUL2449.json,Can you find me a moderately priced chinese restaurant please,restaurant,find_restaurant,"{'restaurant-food': ['chinese'], 'restaurant-pricerange': ['moderate']}",[]
WOZ20659.json,I would like a restaurant in any area that serves scandinavian food,restaurant,find_restaurant,"{'restaurant-area': ['dontcare'], 'restaurant-food': ['scandinavian']}",[]
MUL2481.json,"Hello, I am looking for a place to dine. I'd prefer it to be moderately priced and serve Indian food.",restaurant,find_restaurant,"{'restaurant-food': ['indian'], 'restaurant-pricerange': ['moderate']}",[]
MUL1702.json,"Hello, I'm looking for a place to go in the north. Could you suggest some places?",attraction,find_attraction,{'attraction-area': ['north']},[]
MUL1969.json,I am going to cambridge & leaving after 11:15.,restaurant,NONE,{},[]
MUL1677.json,Depart from london liverpool street and should leave on monday.,restaurant,find_restaurant,{},[]
PMUL0841.json,"Good morning, I am looking forward to trying some local restaurants when I arrive in Cambridge next week.",restaurant,find_restaurant,{},[]
PMUL4500.json,Can you help me find somewhere to stay with free wifi?,restaurant,NONE,{},[]
PMUL0694.json,"Hello, I'd like some information on a restaurant in the centre.",restaurant,find_restaurant,{'restaurant-area': ['centre']},[]
SNG0397.json,I will be traveling on monday and need to arrive by 14:15,restaurant,NONE,{},[]
SNG01932.json,Where is the Parkside Police Station?,restaurant,NONE,{},[]
MUL0833.json,Would you be able to suggest a steakhouse restaurant in Cambridge?,restaurant,find_restaurant,{'restaurant-food': ['steakhouse']},[]
PMUL0479.json,"Hello, I am looking to find a restaurant that is in the centre. I would prefer something in the expensive price range.",restaurant,find_restaurant,"{'restaurant-area': ['centre'], 'restaurant-pricerange': ['expensive']}",[]
PMUL2589.json,I need a hotel in the west part of cambridge. I don't care if it has internet.,restaurant,NONE,{},[]
PMUL2921.json,"Hi, I'm looking for a guesthouse. Do you know of any 4-star properties?",restaurant,NONE,{},[]
MUL2663.json,I need a place to stay in the north that includes free parking. What options are available?,restaurant,NONE,{},[]
MUL0728.json,I will be traveling on Saturday from Norwich.,restaurant,NONE,{},[]
MUL0136.json,"I need a cheap, 2 star hotel to stay at here in Cambridge",restaurant,NONE,{},[]
PMUL2263.json,I'm looking for a moderate priced place to dine serving modern european food.,restaurant,find_restaurant,"{'restaurant-food': ['modern european'], 'restaurant-pricerange': ['moderate']}",[]
WOZ20018.json,I need to find a moderately priced restaurant in the east part of town.,restaurant,find_restaurant,"{'restaurant-area': ['east'], 'restaurant-pricerange': ['moderate']}",[]
MUL2505.json,"Hello, I'm looking for an architecture place to go in the centre of town.",attraction,find_attraction,"{'attraction-area': ['centre'], 'attraction-type': ['architecture']}",[]
SNG0760.json,"I'm looking for a place to stay. I'd like a hotel, not a guesthouse, and I don't care about internet.",restaurant,NONE,{},[]
PMUL3507.json,"Hello, can you recommend attractions in the Centre of town, please?",attraction,find_attraction,{'attraction-area': ['centre']},[]
MUL1313.json,I am looking for a place to stay with free parking and need to be in the north,restaurant,find_restaurant,{},[]
SNG0746.json,I am looking for information on The Varsity restaurant.,restaurant,find_restaurant,{'restaurant-name': ['the varsity restaurant']},[]
SNG1332.json,I'm looking for a place to go in the centre of town.,attraction,find_attraction,{'attraction-area': ['centre']},[]
PMUL4273.json,I will be departing from Birmingham New Street on Tuesday.,restaurant,NONE,{},[]
SNG1258.json,"Oh, I'm sorry I need to get to gallery at twelve a high street.",restaurant,NONE,{},[]
SNG01355.json,I am looking for the nearest police station,restaurant,NONE,{},[]
PMUL3892.json,Please find a place called Club Salsa.,attraction,find_attraction,{'attraction-name': ['club salsa']},[]
SNG0669.json,Yes I am looking for information on Michael House cafe.,restaurant,find_restaurant,"{'restaurant-name': ['michaelhouse cafe', 'michael house cafe']}",[]
WOZ20122.json,I want to find a restaurant in the centre part of town and serves british food.,restaurant,find_restaurant,"{'restaurant-area': ['centre'], 'restaurant-food': ['british']}",[]
MUL2616.json,Yes I am looking for a hotel in the centre of town.,restaurant,NONE,{},[]
MUL0180.json,"Hi there, I'm hoping you can help me find a hotel in the south of Cambridge.",restaurant,NONE,{},[]
SSNG0245.json,I am looking for a cheap hotel that includes free parking.,restaurant,NONE,{},[]
WOZ20446.json,I would like a moderately priced restaurant in the west part of town,restaurant,find_restaurant,"{'restaurant-area': ['west'], 'restaurant-pricerange': ['moderate']}",[]
PMUL0189.json,I'm looking for a hotel in the north.,restaurant,find_restaurant,{},[]
SNG1092.json,I'm looking for information about a particular attraction. It's called the Man on the Moon.,attraction,find_attraction,{'attraction-name': ['the man on the moon']},[]
PMUL0403.json,Can you help me find a hotel in the north?,restaurant,find_restaurant,{},[]
MUL0895.json,Can you assist me with finding a moderately priced restaurant?,restaurant,find_restaurant,{'restaurant-pricerange': ['moderate']},[]
MUL1018.json,I'm looking for information on the People's Portrait Exhibition at Girton College.,attraction,find_attraction,"{'attraction-name': ['peoples portraits exhibition at girton college', ""people's portrait exhibition at girton college""]}",[]
WOZ20414.json,I need the address of a restaurant that serves gastropub food.,restaurant,find_restaurant,{'restaurant-food': ['gastropub']},['restaurant-address']
SSNG0229.json,I'm looking for a cheap hotel in the north.,restaurant,NONE,{},[]
PMUL1131.json,I am leaving from Bishops Stortford on Sunday.,restaurant,NONE,{},[]
MUL0428.json,I am looking for places to go in town in the north.,attraction,find_attraction,{'attraction-area': ['north']},[]
PMUL4019.json,I'm planning a trip and need some suggestions. I'm looking for places to go in town.,restaurant,NONE,{},[]
MUL0988.json,I am looking for places to go in Cambridge. Are there any nightclubs?,attraction,find_attraction,{'attraction-type': ['nightclub']},[]
PMUL3948.json,"I'm looking for a restaurant that's on the pricier end, I want to impress some people. Is there something you'd recommend?",restaurant,find_restaurant,{'restaurant-pricerange': ['expensive']},[]
PMUL4606.json,I will be departing from stansted airport going to cambridge on friday and it needs to arrive by 16:00,restaurant,NONE,{},[]
PMUL1699.json,"Stansted Airport, please.",restaurant,NONE,{},[]
PMUL1399.json,"I'm going south in town, anything interesting to go to there?",attraction,find_attraction,{'attraction-area': ['south']},[]
PMUL3454.json,I wanted to find out about local restaurants in Cambridge.,restaurant,find_restaurant,{},[]
PMUL2048.json,I'm seeking an attraction! A boat one will be nice.,attraction,find_attraction,{'attraction-type': ['boat']},[]
MUL0914.json,Are there any boating activities available?,attraction,find_attraction,"{'attraction-area': ['dontcare'], 'attraction-type': ['boat']}",[]
WOZ20651.json,Hello. I'm trying to find a restaurant that serves Swiss food. Can you recommend anything to me?,restaurant,find_restaurant,{'restaurant-food': ['swiss']},[]
PMUL3440.json,It should leave from Cambridge and go to Leicester please.,restaurant,NONE,{},[]
PMUL0867.json,I want to dine at an expensive asian oriental food restaurant.,restaurant,find_restaurant,"{'restaurant-food': ['asian oriental'], 'restaurant-pricerange': ['expensive']}",[]
PMUL3962.json,I am looking for information in Cambridge,restaurant,NONE,{},[]
WOZ20262.json,I am looking for a moderately priced restaurant in the north part of town. I would also like the address and phone number.,restaurant,find_restaurant,"{'restaurant-area': ['north'], 'restaurant-pricerange': ['moderate']}","['restaurant-phone', 'restaurant-address']"
PMUL1334.json,My departure will be from Cambridge.,restaurant,NONE,{},[]
MUL2007.json,I need some lodging accommodations. It needs to have free parking and Internet please!,restaurant,NONE,{},[]
PMUL0799.json,Yes can you book it for me and give me a reference number ?,restaurant,NONE,{},[]
PMUL3848.json,I'm departing from birmingham new street.,restaurant,NONE,{},[]
SNG1063.json,"Hello, I would like information on club Salsa",attraction,find_attraction,{'attraction-name': ['club salsa']},[]
MUL0943.json,Hello! I'm looking for some entertainment in the centre please!,attraction,find_attraction,{'attraction-area': ['centre']},[]
MUL1680.json,Is there a restaurant called Cocum?,restaurant,find_restaurant,{'restaurant-name': ['cocum']},[]
MUL0607.json,I am looking for a guesthouse that has free parking.,restaurant,NONE,{},[]
SNG0955.json,I need a place to stay that doesn't have to have internet and is in the expensive price range please.,restaurant,NONE,{},[]
MUL2127.json,I would like to arrive in cambridge by 17:30.,restaurant,NONE,{},[]
SSNG0304.json,Can you find a 4 star hotel in the north side?,restaurant,NONE,{},[]
SNG01488.json,I'm coming from saffron brasserie.,restaurant,NONE,{},[]
SNG0449.json,Yes. Thank you very much.,restaurant,NONE,{},[]
SNG1141.json,I am looking for a swimming pool to go to in the north.,attraction,find_attraction,"{'attraction-area': ['north'], 'attraction-type': ['swimmingpool']}",[]
SNG1269.json,"Yes, I'm looking for a Cuban restaurant in the Centre.",restaurant,find_restaurant,"{'restaurant-area': ['centre'], 'restaurant-food': ['cuban']}",[]
MUL2124.json,"Hello, we're planning on staying in Cambridge and need lodging. We're looking for a guesthouse which has all amenities etc. Price is no problem.",restaurant,NONE,{},[]
PMUL1938.json,I am leaving from Norwich and going to Cambridge on Wednesday.,restaurant,NONE,{},[]
PMUL3807.json,I am looking for a place to eat that's expensive and serves Belgian food.,restaurant,find_restaurant,"{'restaurant-food': ['belgian'], 'restaurant-pricerange': ['expensive']}",[]
SSNG0206.json,I need a moderately priced guest house.,restaurant,NONE,{},[]
PMUL1769.json,I am leaving from Cambridge and going to Bishops Stortford.,restaurant,NONE,{},[]
MUL1602.json,I'm looking for a restaurant in the centre serving modern european food.,restaurant,find_restaurant,"{'restaurant-area': ['centre'], 'restaurant-food': ['modern european']}",[]
PMUL2303.json,I'm looking for an expensive restaurant in the west.,restaurant,find_restaurant,"{'restaurant-area': ['west'], 'restaurant-pricerange': ['expensive']}",[]
MUL1516.json,"Hi, can you point me to an expensive restaurant that serves Italian food? I will be in the area soon.",restaurant,find_restaurant,"{'restaurant-food': ['italian'], 'restaurant-pricerange': ['expensive']}",[]
SNG0107.json,"Hello, I need information for the nearest police station please.",restaurant,NONE,{},[]
PMUL2978.json,I am looking for a place to stay with 4 stars.,restaurant,NONE,{},[]
MUL1080.json,I am looking for a college to visit.,attraction,find_attraction,{'attraction-type': ['college']},[]
SNG02259.json,"I want to arrive by 07:00, what time I leave is okay.",restaurant,NONE,{},[]
PMUL2319.json,"I wanted to visit a place called Center, could you tell me the hours it's open, and if it is an attraction that I would need to book in advance?",restaurant,NONE,{},[]
SNG0911.json,"Hi, I'm looking for a 4-star hotel with free wifi.",restaurant,NONE,{},[]
PMUL3845.json,i need a place to stay,restaurant,NONE,{},[]
PMUL0088.json,I need a place to stay that is cheap.,restaurant,NONE,{},[]
PMUL3887.json,I am looking for information in Cambridge looking for a restaurant in the north,restaurant,find_restaurant,{'restaurant-area': ['north']},[]
MUL0873.json,What museums are there in the north area of town?,attraction,find_attraction,"{'attraction-area': ['north'], 'attraction-type': ['museum']}",[]
MUL0771.json,I need to arrive in Ely before 11:30. I would be leaving from Cambridge.,restaurant,NONE,{},[]
MUL2573.json,I'm looking for a hotel called hamilton lodge.,restaurant,NONE,{},[]
PMUL4158.json,"I need to place to eat, say, in the center of the town with some creative food.",restaurant,find_restaurant,"{'restaurant-area': ['centre'], 'restaurant-food': ['creative']}",[]
PMUL4724.json,can you recommend a good place to go in the centre?,attraction,find_attraction,{'attraction-area': ['centre']},[]
MUL2556.json,I'm wanting information about museums in the centre of town.,attraction,find_attraction,"{'attraction-area': ['centre'], 'attraction-type': ['museum']}",[]
MUL2598.json,I'm looking for a moderately priced guest house. Can you recommend one?,restaurant,NONE,{},[]
MUL2668.json,Can you recommend some places to go in the west side of town?,attraction,find_attraction,{'attraction-area': ['west']},[]
PMUL1764.json,I sure hope so. A friend recommended the Alexander Bed and Breakfast. What can you tell me about it?,restaurant,NONE,{},[]
MUL1051.json,I am wanting to go to the theatre. Are there any in the centre of town?,attraction,find_attraction,"{'attraction-area': ['centre'], 'attraction-type': ['theatre']}",[]
PMUL2342.json,I'm so hungry! Can you find me a really great modern european restaurant? Money is no object!,restaurant,find_restaurant,{'restaurant-food': ['modern european']},[]
PMUL3582.json,I'll be leaving cambridge with a destination of stevenage.,restaurant,NONE,{},[]
SSNG0319.json,I want to find a place to stay that is a guesthouse and has free parking.,restaurant,NONE,{},[]
SNG0817.json,"Hi, I'm looking for a 1 star place to stay with free wifi.",restaurant,NONE,{},[]
PMUL0781.json,I want to leave on Friday.,restaurant,find_restaurant,{},[]
WOZ20242.json,I'd like a restaurant in the north part of town that is in the medium price range.,restaurant,find_restaurant,"{'restaurant-area': ['north'], 'restaurant-pricerange': ['moderate']}",[]
PMUL1426.json,I'm departing from London Liverpool Street and I want to leave on Tuesday.,restaurant,NONE,{},[]
SNG01631.json,I would like to arrive at the restaurant no later than ten o'clock a.m.,restaurant,NONE,{},[]
PMUL3381.json,Please find me some information about the mutliple sports in the centre,attraction,find_attraction,"{'attraction-area': ['centre'], 'attraction-type': ['multiple sports']}",[]
PMUL2159.json,I am looking for an upscale Chinese food restaurant in Cambridge; can you make a recommendation?,restaurant,find_restaurant,"{'restaurant-food': ['chinese'], 'restaurant-pricerange': ['expensive']}",[]
SNG01475.json,I am going to La Margherita.,restaurant,NONE,{},[]
SSNG0132.json,I'm looking for a restaurant in the west side that's in the moderate price range.,restaurant,find_restaurant,"{'restaurant-area': ['west'], 'restaurant-pricerange': ['moderate']}",[]
PMUL1298.json,I'll be traveling on Sunday. I'm going from London Liverpool Street to Cambridge.,restaurant,NONE,{},[]
WOZ20110.json,"Cheap restaurant in the north. address and phone number, please.",restaurant,find_restaurant,"{'restaurant-area': ['north'], 'restaurant-pricerange': ['cheap']}","['restaurant-phone', 'restaurant-address']"
MUL1703.json,"Looking for a place to go to in the centre area, a type of college.",attraction,find_attraction,"{'attraction-area': ['centre'], 'attraction-type': ['college']}",[]
SNG1211.json,Can you find me a hotel in the northern area that isn't to cheap or expensive?,restaurant,NONE,{},[]
MUL1215.json,Can you find me a guest house?,restaurant,NONE,{},[]
SNG01995.json,I am looking for a place to stay. The hotel should be in the type of guesthouse and should include free parking,restaurant,NONE,{},[]
MUL2200.json,departing from cambridge and arrive by 21:45,restaurant,NONE,{},[]
PMUL4678.json,"I would like to travel on friday, and arrive by 14:45",restaurant,NONE,{},[]
MUL0054.json,Could you help me find a place to stay? I need a place in town that offers free parking and free wifi.,restaurant,NONE,{},[]
PMUL3653.json,I will be traveling soon and am excited about seeing some attractions. I am looking for a place to stay when I get there.,restaurant,NONE,{},[]
SNG1074.json,I am trying to get some suggestions on where I can take my wife for our anniversary. We want to try to find something fun to do.,restaurant,NONE,{},[]
PMUL2655.json,What are some places to go to?,restaurant,NONE,{},[]
SNG0379.json,"Oh, sorry coming in from Kings Lynn",restaurant,NONE,{},[]
PMUL3251.json,I am traveling to Cambridge and looking forward to try local restaurants.,restaurant,NONE,{},[]
SNG02069.json,I will be leaving from Magdalene college.,restaurant,NONE,{},[]
MUL0363.json,I want to find a German restaurant please that's in the cheap price range.,restaurant,find_restaurant,"{'restaurant-food': ['german'], 'restaurant-pricerange': ['cheap']}",[]
MUL1036.json,"Hello, I would like information on Milton County Park.",attraction,find_attraction,"{'attraction-name': ['milton country park', 'milton']}",[]
MUL2141.json,I need to leave on Thursday and am heading to Bishops Stortford.,restaurant,NONE,{},[]
SNG0309.json,I am looking to go to london kings cross and depart from cambridge.,restaurant,NONE,{},[]
SNG1240.json,I need information on the fitzwilliam museum,attraction,find_attraction,{'attraction-name': ['fitzwilliam museum']},[]
SSNG0103.json,I am looking for a restaurant that is expensive and in the west,restaurant,find_restaurant,"{'restaurant-area': ['west'], 'restaurant-pricerange': ['expensive']}",[]
PMUL4845.json,Can you help me find a place to stay? I'm looking for somewhere in the west.,restaurant,find_restaurant,{},[]
PMUL4656.json,Please find a park in the north.,attraction,find_attraction,"{'attraction-area': ['north'], 'attraction-type': ['park']}",[]
PMUL0704.json,We would like to eat some Japanese food while we are visiting.,restaurant,find_restaurant,{'restaurant-food': ['japanese']},[]
PMUL3116.json,I am looking for information in Cambridge,restaurant,NONE,{},[]
WOZ20375.json,What is good in the south part of town,restaurant,find_restaurant,{'restaurant-area': ['south']},[]
PMUL0911.json,I'm looking for asian oriental food in expensive range.,restaurant,find_restaurant,"{'restaurant-food': ['asian oriental'], 'restaurant-pricerange': ['expensive']}",[]
PMUL1088.json,"Yes, I am traveling on Wednesday.",restaurant,NONE,{},[]
PMUL1890.json,Does it leave on Sunday?,restaurant,NONE,{},[]
PMUL4319.json,"I need to go to Broxbourne, I'll be leaving Cambridge.",restaurant,NONE,{},[]
PMUL0726.json,Can you help me find a cheap restaurant in the north with indian food?,restaurant,find_restaurant,"{'restaurant-area': ['north'], 'restaurant-food': ['indian'], 'restaurant-pricerange': ['cheap']}",[]
SNG0685.json,I am looking for a restaurant in the expensive price range. It should serve Sri Lankan food.,restaurant,find_restaurant,"{'restaurant-food': ['sri lankan'], 'restaurant-pricerange': ['expensive']}",[]
SNG01231.json,Can you point me to the nearest police station?,restaurant,NONE,{},[]
WOZ20531.json,I am looking for a restaurant in the south part of town that serves Jamaican food.,restaurant,find_restaurant,"{'restaurant-area': ['south'], 'restaurant-food': ['jamaican']}",[]
WOZ20599.json,I want a cheap restaurant in the west part of town. what is the address and phone number?,restaurant,find_restaurant,"{'restaurant-area': ['west'], 'restaurant-pricerange': ['cheap']}","['restaurant-phone', 'restaurant-address']"
PMUL1649.json,I would like to travel to the Stansted Airport and leave from Cambridge.,restaurant,NONE,{},[]
PMUL0897.json,Please list all restaurants in Cambridge centre in the moderate price range.,restaurant,find_restaurant,"{'restaurant-area': ['centre'], 'restaurant-pricerange': ['moderate']}",[]
SNG0251.json,I will be leaving Cambridge to go to Bishops Stortford.,restaurant,NONE,{},[]
MUL1784.json,"I am looking for something to do in Cambridge, can you help me find something?",restaurant,NONE,{},[]
MUL2540.json,Hi. I'm looking for some moderately priced rooms for the night in the centre of town. Where can I go for that?,restaurant,NONE,{},[]
MUL0399.json,"I need to depart for Birmingham New Street after 20:15. Thank you so much for your help, you're doing a wonderful job!",restaurant,NONE,{},[]
MUL0447.json,I would like to arrive by 17:00 on Monday.,restaurant,NONE,{},[]
SSNG0214.json,I am looking for a guesthouse that has free parking.,restaurant,NONE,{},[]
SNG01215.json,"I was in a car accident. I need to contact the police, please.",restaurant,NONE,{},[]
SNG01828.json,My wallet was stolen. Can I get some help?,restaurant,NONE,{},[]
PMUL0174.json,"I need to find a place to eat in the centre, thanks!",restaurant,find_restaurant,{'restaurant-area': ['centre']},[]
WOZ20394.json,I want to find a restaurant in the north part of town and serves international food.,restaurant,find_restaurant,"{'restaurant-area': ['north'], 'restaurant-food': ['international']}",[]
SNG02225.json,What is the location of the Parkside Police Station?,restaurant,NONE,{},[]
PMUL1043.json,"Hello, could you tell me about the swimming attractions around Cambridge. Something pool based please.",attraction,find_attraction,{'attraction-type': ['swimmingpool']},[]
PMUL0700.json,I want a place to eat in the west.,restaurant,find_restaurant,{'restaurant-area': ['west']},[]
PMUL2977.json,What is there to do in the centre of town?,attraction,find_attraction,{'attraction-area': ['centre']},[]
MUL0265.json,I need to leave on Wednesday after 10:45,restaurant,NONE,{},[]
WOZ20532.json,Please find me a corsica restaurant.,restaurant,find_restaurant,{'restaurant-food': ['corsica']},[]
PMUL2621.json,I am looking for a hotel that is in the expensive price range.,restaurant,NONE,{},[]
PMUL2181.json,"I have some questions about attractions, today.",restaurant,NONE,{},[]
MUL2300.json,I'll be departing from Kings Lynn on Tuesday.,restaurant,NONE,{},[]
PMUL0798.json,I was hoping to dine at a korean restaurant while in Cambridge.,restaurant,find_restaurant,{'restaurant-food': ['korean']},[]
PMUL4283.json,I'm looking for a moderate priced place to stay with free wifi.,restaurant,NONE,{},[]
MUL2024.json,I'm looking for a hotel called the a and b guest house. Can you help me out?,restaurant,NONE,{},[]
MUL1776.json,"Tursday, leaving after 17:00, please.",restaurant,NONE,{},[]
WOZ20391.json,I would like a restaurant in the north part of town that serves korean food,restaurant,find_restaurant,"{'restaurant-area': ['north'], 'restaurant-food': ['korean']}",[]
MUL1654.json,Yes please. I am also looking for a restaurant in the west side of the city. I would like it to be an expensive restaurant.,restaurant,find_restaurant,"{'restaurant-area': ['west'], 'restaurant-pricerange': ['expensive']}",[]
MUL1851.json,"No, I need to leave some time after 14:30, and I'll be traveling to Cambridge.",restaurant,NONE,{},[]
PMUL0591.json,"I'd like to leave after 11:45 on Thursday, please.",restaurant,NONE,{},[]
PMUL3795.json,I'm looking for this restaurant called city stop restaurant,restaurant,find_restaurant,{'restaurant-name': ['city stop restaurant']},[]
PMUL0492.json,I need a place to stay and I want it to be a guesthouse.,restaurant,NONE,{},[]
SNG1031.json,I'm looking for a moderately priced guesthouse for the night.,restaurant,NONE,{},[]
PMUL4717.json,Can you help me find a place to stay that is moderately priced and includes free wifi?,restaurant,NONE,{},[]
PMUL4900.json,I am looking for information in Cambridge,restaurant,NONE,{},[]
PMUL3642.json,I am planning a trip in Cambridge.,restaurant,NONE,{},[]
MUL0870.json,I am looking for an attraction in the centre of Cambridge.,attraction,find_attraction,{'attraction-area': ['centre']},[]
PMUL3870.json,I'm looking for a pleasant guesthouse to stay in. Would you be able to help me find one?,restaurant,NONE,{},[]
MUL0975.json,Tell me a good nightclub.,attraction,find_attraction,{'attraction-type': ['nightclub']},[]
SNG01967.json,I'd like to leave after 09:15.,restaurant,NONE,{},[]
MUL0667.json,I am looking for a 3 star hotel to stay in.,restaurant,NONE,{},[]
PMUL0865.json,I am going to Norwich and I want to leave on Thursday.,restaurant,find_restaurant,{},[]
PMUL2559.json,What is the address to the hospital in Cambridge?,restaurant,NONE,{},[]
PMUL0866.json,I'm going to Cambridge from New Street in Birmingham,restaurant,NONE,{},[]
PMUL1906.json,I'm departing from birmingham new street.,restaurant,NONE,{},[]
PMUL2511.json,I am looking for a place to stay that has free wifi.,restaurant,NONE,{},[]
SSNG0222.json,I'm looking for a 2 star hotel in the north.,restaurant,NONE,{},[]
SNG0071.json,That should be perfect!,restaurant,NONE,{},[]
PMUL4468.json,I want to find out if there are any places to dine that serve Australian food in the centre.,restaurant,find_restaurant,"{'restaurant-area': ['centre'], 'restaurant-food': ['australian']}",[]
PMUL2788.json,Are there good hotels that you can book?,restaurant,NONE,{},[]
PMUL2596.json,I am looking for a hotel call arbury lodge guesthouse.,restaurant,NONE,{},[]
PMUL1647.json,I would like to travel on Sunday please.,restaurant,NONE,{},[]
MUL0097.json,Are there any British restaurant that serve moderate priced food?,restaurant,find_restaurant,"{'restaurant-food': ['british'], 'restaurant-pricerange': ['moderate']}",[]
PMUL3132.json,"Yes, hopefully you can help with some information on a particular hotel?",restaurant,NONE,{},[]
SNG02246.json,Am looking for the nearest police station,restaurant,NONE,{},[]
WOZ20205.json,I want to find a moderately priced restaurant in the south part of town. What is the phone number and address?,restaurant,find_restaurant,"{'restaurant-area': ['south'], 'restaurant-pricerange': ['moderate']}","['restaurant-phone', 'restaurant-address']"
MUL0456.json,I am looking for places to go. preferably a museum in west.,attraction,find_attraction,"{'attraction-area': ['west'], 'attraction-type': ['museum']}",[]
WOZ20647.json,"Hello, I am looking for an expensive restaurant that serves vegetarian food.",restaurant,find_restaurant,"{'restaurant-food': ['vegetarian'], 'restaurant-pricerange': ['expensive']}",[]
PMUL2857.json,"I'm looking for a place to stay, I would prefer a hotel in the expensive price range.",restaurant,NONE,{},[]
PMUL2899.json,Where do I get info on hotels?,restaurant,NONE,{},[]
SNG01945.json,I'm departing from nusha and I want to go to pizza hut city centre.,restaurant,NONE,{},[]
PMUL1413.json,I need help finding places to go in town. I want to go to nightclub type attractions in the centre of Cambridge.,attraction,find_attraction,"{'attraction-area': ['centre'], 'attraction-type': ['nightclub']}",[]
PMUL2572.json,What is there to do or see for entertainment?,attraction,find_attraction,{'attraction-type': ['entertainment']},[]
WOZ20646.json,I am looking for a restaurant in the west part of town.,restaurant,find_restaurant,{'restaurant-area': ['west']},[]
PMUL3681.json,Can you tell me about any german restaurants in the east part of the city?,restaurant,find_restaurant,"{'restaurant-area': ['east'], 'restaurant-food': ['german']}",[]
PMUL1365.json,"I need some recommendations for attractions in Cambridge at the centre, what would you suggest?",attraction,find_attraction,{'attraction-area': ['centre']},[]
MUL1551.json,No thank you. That's not necessary. Can you help me find an indian restaurant in the centre of town?,restaurant,find_restaurant,"{'restaurant-area': ['centre'], 'restaurant-food': ['indian']}",[]
MUL1336.json,Do you have any suggestions on a place in the centre to eat. I would like it to be expensive please.,restaurant,find_restaurant,"{'restaurant-area': ['centre'], 'restaurant-pricerange': ['expensive']}",[]
PMUL1935.json,"Hi, I am looking for information on a place to stay.",restaurant,NONE,{},[]
SNG01430.json,I want to be picked up at riverboat georgina around 11:15. I need to get to cambridge arts theatre. What is the car type and the contact number?,attraction,NONE,"{'attraction-name': ['riverboat georgina'], 'attraction-type': ['boat']}",[]
SSNG0335.json,I am looking for the gonville hotel. Can you help me?,restaurant,NONE,{},[]
SNG02000.json,Prezzo is my destination,restaurant,NONE,{},[]
SNG0516.json,I am looking for a restaurant.,restaurant,find_restaurant,{},[]
PMUL3138.json,"Hi, I am looking for a restaurant that is expensive and serves European food.",restaurant,find_restaurant,"{'restaurant-food': ['european'], 'restaurant-pricerange': ['expensive']}",[]
SSNG0333.json,Can you find a room available at a 4 star hotel with free wi-fi?,restaurant,NONE,{},[]
PMUL2479.json,I am looking for a place called Cherry Hinton Water Play,attraction,find_attraction,{'attraction-name': ['cherry hinton water play']},[]
PMUL1590.json,I will be departing kings lynn.,restaurant,NONE,{},[]
PMUL0170.json,"I would like a 3-star hotel with free WiFi, please.",restaurant,find_restaurant,{},[]
PMUL2700.json,I will be going to Cambridge to do the tourist thing and would like a hotel in the moderate price range.,restaurant,NONE,{},[]
PMUL0504.json,I need to arrive in Cambridge by 17:15 please.,restaurant,NONE,{},[]
PMUL0755.json,I would like to dine at a restaurant serving Indian food on the east side of town. Any suggestions?,restaurant,find_restaurant,"{'restaurant-area': ['east'], 'restaurant-food': ['indian']}",[]
SNG1072.json,I'm looking for a place to go in the centre of town.,attraction,find_attraction,{'attraction-area': ['centre']},[]
SSNG0122.json,I need help finding a place to eat that is moderately priced and located in the east.,restaurant,find_restaurant,"{'restaurant-area': ['east'], 'restaurant-pricerange': ['moderate']}",[]
SNG0009.json,I will be departing from Jesus Green Outdoor Pool.,restaurant,NONE,{},[]
PMUL4156.json,I'm looking for a place called maharajah tandoori restaurant. Do you know it? It's a restaurant.,restaurant,find_restaurant,{'restaurant-name': ['maharajah tandoori restaurant']},[]
MUL0303.json,I'm looking for a restaurant in the centre of town and it needs to be in the expensive price range.,restaurant,find_restaurant,"{'restaurant-area': ['centre'], 'restaurant-pricerange': ['expensive']}",[]
PMUL3749.json,I am planning a trip in Cambridge,restaurant,NONE,{},[]
MUL2558.json,I am looking for a hotel with free parking in the North.,restaurant,NONE,{},[]
SSNG0378.json,"I am searching for a guesthouse in town that has free parking, do you know of any?",restaurant,NONE,{},[]
PMUL2545.json,"Hey, any entertainment type places in this town?",attraction,find_attraction,{'attraction-type': ['entertainment']},[]
SNG1025.json,"Hi, can you help me find a place to stay? I'd like a hotel on the north side, please.",restaurant,NONE,{},[]
WOZ20221.json,I am looking for a moderately priced restaurant.,restaurant,find_restaurant,{'restaurant-pricerange': ['moderate']},[]
WOZ20540.json,I am looking for a German restaurant in the west part of town.,restaurant,find_restaurant,"{'restaurant-area': ['west'], 'restaurant-food': ['german']}",[]
PMUL4185.json,I'm looking for a guesthouse that includes free parking.,restaurant,NONE,{},[]
MUL0904.json,I'm looking for a restaurant in west part of town with cheap food.,restaurant,find_restaurant,"{'restaurant-area': ['west'], 'restaurant-pricerange': ['cheap']}",[]
SNG01192.json,"I need the location of Addenbrookes Hospital, if you don't mind.",restaurant,NONE,{},[]
PMUL1162.json,"Yes, I need to arrive in Cambridge at or a little before 21:45.",restaurant,NONE,{},[]
PMUL4154.json,I am planning a trip in Cambridge,restaurant,NONE,{},[]
SNG01654.json,Please show me where the nearest hospital is,restaurant,NONE,{},[]
SNG0827.json,"Hi, can you help me find a place to stay on the north side?",restaurant,NONE,{},[]
MUL2015.json,"Yes, I need to travel from Kings Lynn to Cambridge.",restaurant,NONE,{},[]
PMUL2645.json,I am looking for a museum on the east side.,attraction,find_attraction,"{'attraction-area': ['east'], 'attraction-type': ['museum']}",[]
PMUL2134.json,"Can you give me information on a particular attraction, called kambar?",attraction,find_attraction,{'attraction-name': ['kambar']},[]
MUL1393.json,I'm looking for a place to dine in the moderate price range and in the town centre.,restaurant,find_restaurant,"{'restaurant-area': ['centre'], 'restaurant-pricerange': ['moderate']}",[]
SNG1100.json,"I would like to find a place to go in the centre of town, that includes multiple sports",attraction,find_attraction,"{'attraction-area': ['centre'], 'attraction-type': ['multiple sports']}",[]
PMUL2289.json,"Yeah, my wife and kids are demanding Spanish food. Can we keep it on the cheap side, please?",restaurant,find_restaurant,"{'restaurant-food': ['spanish'], 'restaurant-pricerange': ['cheap']}",[]
PMUL3503.json,i need a place to go in cambridge that has sports in the centre,attraction,find_attraction,"{'attraction-area': ['centre'], 'attraction-type': ['multiple sports']}",[]
PMUL0527.json,I'm leaving on Wednesday from Stevenage.,restaurant,find_restaurant,{},[]
PMUL1458.json,I'm looking for find more information about an attraction I want to visit. What can you tell me about Gallery at Twelve a High Street?,attraction,find_attraction,{'attraction-name': ['gallery at twelve a high street']},[]
SNG0707.json,I'm needing a place to dine. It needs to be an expensive Brazilian place.,restaurant,find_restaurant,"{'restaurant-food': ['brazilian'], 'restaurant-pricerange': ['expensive']}",[]
SNG0056.json,Pick me up at the pizza express Fen Ditton and take me to the avalon before 21:00. Can I get the car type and contact number?,restaurant,NONE,{},[]
WOZ20620.json,I am looking for a restaurant in the south part of town that is in the cheap price range.,restaurant,find_restaurant,"{'restaurant-area': ['south'], 'restaurant-pricerange': ['cheap']}",[]
SSNG0114.json,I'm hoping to find a restaurant in the centre that serves British food.,restaurant,find_restaurant,"{'restaurant-area': ['centre'], 'restaurant-food': ['british']}",[]
PMUL0359.json,I am looking for a place to stay. Can you help me out?,restaurant,NONE,{},[]
MUL0709.json,"Hi, I am looking for a hotel to stay in in east cambridge.",restaurant,NONE,{},[]
PMUL0268.json,I'm looking for a 3-star lodging with free wifi.,restaurant,NONE,{},[]
WOZ20445.json,I am looking for a restaurant with vegetarian food.,restaurant,find_restaurant,{'restaurant-food': ['vegetarian']},[]
PMUL2591.json,I would like to visit some colleges or universities in Cambridge. Can you make some recommendations?,attraction,find_attraction,{'attraction-type': ['college']},[]
PMUL3716.json,I am planning a trip in Cambridge,restaurant,NONE,{},[]
PMUL1382.json,Find me places to go in town. I want to go to museum type attractions.,attraction,find_attraction,{'attraction-type': ['museum']},[]
PMUL3796.json,I'm looking for a good museum to visit in the center of town. Can you recommend anything?,attraction,find_attraction,"{'attraction-area': ['centre'], 'attraction-type': ['museum']}",[]
PMUL1202.json,"Hello, I would to know about some places to go in Cambridge. I'd like to do something on a boat, if possible.",attraction,find_attraction,{'attraction-type': ['boat']},[]
SNG01356.json,"I'd like to leave after 16:30, please.",restaurant,NONE,{},[]
PMUL1888.json,"I want to arrive at or a little before 12:15, please.",restaurant,NONE,{},[]
PMUL1225.json,I would like to depart from Stevenage on Wednesday.,restaurant,NONE,{},[]
PMUL0909.json,"Hi there, I've just started planning my trip. Can you help me find a restaurant?",restaurant,find_restaurant,{},[]
PMUL2147.json,I am looking for King's College.,attraction,find_attraction,"{'attraction-name': ['kings college', ""king's college""]}",[]
PMUL1773.json,On Friday after 10.,restaurant,NONE,{},[]
SNG0865.json,I need a 5 star luxury hotel with a jacuzzi.,restaurant,NONE,{},[]
PMUL1866.json,"I'm looking for a place to stay in Cambridge, moderate price for a hotel.",restaurant,NONE,{},[]
PMUL2509.json,I am staying in the west part of cambridge and would like to know about some places to go.,attraction,find_attraction,{'attraction-area': ['west']},[]
SNG0044.json,I am heading to restaurant one seven.,restaurant,NONE,{},[]
MUL0268.json,"I will take a seat on the 22:08 departure as long as it departs from Cambridge on Friday. Yes, please find a restaurant.",restaurant,find_restaurant,{},[]
SSNG0112.json,I am looking for a place to eat in town centre.,restaurant,find_restaurant,{'restaurant-area': ['centre']},[]
MUL0882.json,"Hi, I'm interested in finding something to do on the north end of town. Are there any boats there that I might be able to visit?",attraction,find_attraction,"{'attraction-area': ['north'], 'attraction-type': ['boat']}",[]
PMUL1640.json,I'd be really happy if you could help me locate a place to stay in Cambridge tonight.,restaurant,NONE,{},[]
MUL2398.json,I need a place to dine at in the south that serves chinese.,restaurant,find_restaurant,"{'restaurant-area': ['south'], 'restaurant-food': ['chinese']}",[]
SSNG0072.json,"Hey, I'm trying to find a restaurant called Taj Tandoori. What do you know about that?",restaurant,find_restaurant,{'restaurant-name': ['taj tandoori']},[]
PMUL4550.json,Please find a restaurant called Galleria.,restaurant,find_restaurant,{'restaurant-name': ['galleria']},[]
MUL0141.json,While in Cambridge I would really like to know where to find a place to eat called meghna.,restaurant,find_restaurant,{'restaurant-name': ['meghna']},[]
PMUL4071.json,I am planning a trip in Cambridge,restaurant,NONE,{},[]
PMUL1125.json,I would like to leave on Friday and should arrive by 08:15.,restaurant,NONE,{},[]
SNG0269.json,I am departing from Birmingham new street and going to Cambridge.,restaurant,NONE,{},[]
PMUL1716.json,I would like to arrive in Cambridge by 9:15 please.,restaurant,NONE,{},[]
PMUL3259.json,I need a place to stay with free wifi.,restaurant,NONE,{},[]
MUL0167.json,I'm looking for a guesthouse in the north area.,restaurant,find_restaurant,{},[]
PMUL1641.json,"Yeah, I'm hoping to find a cheap place to stay. Can you help with that?",restaurant,NONE,{},[]
MUL0577.json,"Hi, I am looking for attractions in the centre of town. Do you have any recommendations?",attraction,find_attraction,{'attraction-area': ['centre']},[]
PMUL0315.json,Can you tell me about any cheap priced italian restaurants in cambridge?,restaurant,find_restaurant,"{'restaurant-food': ['italian'], 'restaurant-pricerange': ['cheap']}",[]
SNG0014.json,"I need to be picked up by 15:00. Could you provide me the car type and contact number, please?",restaurant,NONE,{},[]
SSNG0192.json,"Id like to eat at an expensive Indian place, know any?",restaurant,find_restaurant,"{'restaurant-food': ['indian'], 'restaurant-pricerange': ['expensive']}",[]
MUL0356.json,"Hello, I am looking for information on a restaurant name Rice House.",restaurant,find_restaurant,{'restaurant-name': ['rice house']},[]
MUL1035.json,"Actually, I'd rather find information about a park, somewhere on the south end of town if possible.",attraction,find_attraction,{'attraction-area': ['south']},[]
PMUL1060.json,A friend told me about an attraction called the scott polar museum.,attraction,find_attraction,{'attraction-name': ['scott polar museum']},[]
SSNG0091.json,Can you please help me find a cheap italian restaurant?,restaurant,find_restaurant,"{'restaurant-food': ['italian'], 'restaurant-pricerange': ['cheap']}",[]
PMUL4371.json,I am looking for a restaurant called shanghai family restaurant.,restaurant,find_restaurant,{'restaurant-name': ['shanghai family restaurant']},[]
SNG01915.json,I'm leaving from addenbrookes hospital.,restaurant,NONE,{},[]
PMUL2355.json,"I am traveling to Cambridge and excited about seeing local tourist attractions, can you help?",restaurant,NONE,{},[]
MUL2522.json,"Hello, I am planing to visit Cambridge and I am looking for a swimmingpool.",attraction,find_attraction,{'attraction-type': ['swimmingpool']},[]
SNG0062.json,I am leaving from the Shiraz restaurant. Can I get the car type and contact number please?,restaurant,NONE,{},[]
PMUL4494.json,"Find me a place called maharajah tandoori restaurant, please",restaurant,find_restaurant,{'restaurant-name': ['maharajah tandoori restaurant']},[]
SSNG0054.json,"I am looking for a Cuban food place, in the east.",restaurant,find_restaurant,"{'restaurant-area': ['east'], 'restaurant-food': ['cuban']}",[]
PMUL4926.json,I am looking for a restaurant. The restaurant should serve modern american food and should be in the centre,restaurant,find_restaurant,"{'restaurant-area': ['centre'], 'restaurant-food': ['modern american']}",[]
SNG0154.json,I think I may have hurt myself. Where is the nearest hospital?,restaurant,NONE,{},[]
PMUL3945.json,I am planning a trip in Cambridge,restaurant,NONE,{},[]
SNG0276.json,Birmingham new street,restaurant,NONE,{},[]
PMUL0063.json,I'm looking for a hotel called avalon.,restaurant,NONE,{},[]
WOZ20012.json,I would like a moderately priced steakhouse restaurant.,restaurant,find_restaurant,"{'restaurant-food': ['steakhouse'], 'restaurant-pricerange': ['moderate']}",[]
SNG0915.json,"Could you help me find Cityroomz, please?",restaurant,NONE,{},[]
SNG0887.json,I'm looking for a place to stay. Are there any guesthouses that are moderately priced?,restaurant,NONE,{},[]
SNG0146.json,I was robbed and I need some help.,restaurant,NONE,{},[]
MUL2473.json,You may help me by finding a Muslim restaurant for me to eat at please.,restaurant,find_restaurant,{'restaurant-food': ['muslim']},[]
SNG0849.json,Can you navigate me to a 5 star hotel with free wifi please?,restaurant,NONE,{},[]
PMUL2498.json,I am looking for information on attractions in the west side of town.,attraction,find_attraction,{'attraction-area': ['west']},[]
SNG01476.json,I am going to the Cambridge county fair next to the city tourist museum.,restaurant,NONE,{},[]
PMUL4243.json,I'm looking for a expensive guesthouse.,restaurant,NONE,{},[]
PMUL4401.json,I am looking for information in Cambridge.,restaurant,NONE,{},[]
SNG0854.json,I'm needing a place to stay that is in the centre of town.,restaurant,NONE,{},[]
SNG01764.json,I am looking for the Addenbrookes Hospital,restaurant,NONE,{},[]
WOZ20516.json,I want a moderately priced restaurant and serves asian oriental food. What is the address and phone number?,restaurant,find_restaurant,"{'restaurant-food': ['asian oriental'], 'restaurant-pricerange': ['moderate']}","['restaurant-phone', 'restaurant-address']"
PMUL1532.json,cambridge and should leave after 14:45,restaurant,NONE,{},[]
PMUL1416.json,I need it to leave after 12:15 on Saturday.,restaurant,NONE,{},[]
WOZ20112.json,Do you have any restaurants that serve caribbean food?,restaurant,find_restaurant,{'restaurant-food': ['caribbean']},[]
MUL2066.json,"Hi, I'm looking for a guesthouse that's in the expensive range.",restaurant,NONE,{},[]
MUL1591.json,I am looking to travel friday and head to bishops stortford.,restaurant,find_restaurant,{},[]
MUL1535.json,I am looking for a moderately priced restaurant in the centre.,restaurant,find_restaurant,"{'restaurant-area': ['centre'], 'restaurant-pricerange': ['moderate']}",[]
WOZ20564.json,I would like a cheap restaurant that serves mediterranean food,restaurant,find_restaurant,"{'restaurant-food': ['mediterranean'], 'restaurant-pricerange': ['cheap']}",[]
PMUL4393.json,Are there any guesthouses in the east?,restaurant,NONE,{},[]
SNG1322.json,Thank you! That will be all.,restaurant,NONE,{},[]
SNG0158.json,Hello I am injured and am looking for a nearby hospital please.,restaurant,NONE,{},[]
SNG0484.json,I am looking for a place serving christmas food in the centre of town.,restaurant,find_restaurant,"{'restaurant-area': ['centre'], 'restaurant-food': ['christmas']}",[]
SNG01537.json,I am looking for a place to stay. The hotel should have a star of 0 and should be in the type of hotel,restaurant,NONE,{},[]
PMUL4406.json,i'm looking for a particular hotel,restaurant,NONE,{},[]
MUL2694.json,"Hello, I am looking for a hotel in the south that is moderately priced.",restaurant,NONE,{},[]
MUL2030.json,I would be leaving from Peterborough. I need to arrive in Cambridge by 19:30 though.,restaurant,NONE,{},[]
SNG0523.json,I am looking for some info on India House,restaurant,find_restaurant,"{'restaurant-area': ['dontcare'], 'restaurant-food': ['dontcare'], 'restaurant-name': ['india house'], 'restaurant-pricerange': ['dontcare']}",[]
MUL1335.json,"I need a 3 star hotel in Cambridge, that offers a guesthouse, can you book it for me ?",restaurant,NONE,{},[]
MUL1312.json,"Hello, I am traveling to Cambridge and I'm looking for some local restaurants. I would like to find some located in the Centre and of moderate price.",restaurant,find_restaurant,"{'restaurant-area': ['centre'], 'restaurant-pricerange': ['moderate']}",[]
MUL1906.json,I need it to depart from Broxbourne and arrive in Cambridge.,restaurant,NONE,{},[]
PMUL4169.json,"Hi, I'm interested in getting some information about the cherry hinton village centre in Cambridge.",attraction,find_attraction,{'attraction-name': ['cherry hinton village centre']},[]
MUL1666.json,I need it to arrive by 19:45 on Sunday and I'm leaving from Cambridge.,restaurant,NONE,{},[]
MUL0522.json,Can you tell me anything about cafe jello gallery?,attraction,find_attraction,{'attraction-name': ['cafe jello gallery']},[]
MUL1553.json,"Yes, I want to leave London Liverpool Street sometime after 10:15.",restaurant,NONE,{},[]
SNG0944.json,I am looking for a place to stay that is a guesthouse with free parking please.,restaurant,NONE,{},[]
PMUL4411.json,"Yes, I'd like to arrive in Cambridge by 8:30.",restaurant,NONE,{},[]
SNG0620.json,I am looking for a place to eat in the moderate price range serving Indian food.,restaurant,find_restaurant,"{'restaurant-food': ['indian'], 'restaurant-pricerange': ['moderate']}",[]
PMUL3076.json,I am looking for a place to eat in the north. Can you help me?,restaurant,find_restaurant,{'restaurant-area': ['north']},[]
MUL0568.json,Thanks. I'd also like someplace to go in the west. Maybe some sort of attraction.,attraction,find_attraction,{'attraction-area': ['west']},[]
PMUL4785.json,i need a guest house which has free parking,restaurant,NONE,{},[]
PMUL0094.json,"Hello, I'm looking for a modern European restaurant. Got any?",restaurant,find_restaurant,{'restaurant-food': ['modern european']},[]
MUL2583.json,"I'm looking for a hotel, but not a guesthouse. All it needs is free parking. Can you recommend one?",restaurant,NONE,{},[]
SNG1264.json,I am looking for a restaurant that serves indian food.,restaurant,find_restaurant,{'restaurant-food': ['indian']},[]
PMUL2533.json,I am looking to stay at a four start place with free wifi.,restaurant,NONE,{},[]
MUL2159.json,I'll be leaving from Norwich on Wednesday.,restaurant,NONE,{},[]
MUL1760.json,How long is the trip? I might like to leave somewhat later.,restaurant,NONE,{},[]
MUL1807.json,I am heading to Peterborough and need it to leave after 13:00.,restaurant,NONE,{},[]
SNG1223.json,I would like to travel on Friday.,restaurant,NONE,{},[]
PMUL0005.json,"I was looking for a specific restaurant, please.",restaurant,find_restaurant,{},[]
MUL1737.json,I need to depart cambridge and head to the stansted airport and arrive by 12:15,restaurant,NONE,{},[]
SSNG0349.json,"Hi, I'm looking for a place that offers free internet and parking.",restaurant,NONE,{},[]
PMUL2561.json,A friend of mine mentioned this attraction called The Place. Can you give me some information about it?,attraction,find_attraction,{'attraction-name': ['the place']},[]
PMUL0456.json,Hi. I am looking for a place to stay.,restaurant,NONE,{},[]
PMUL3570.json,Can you get me information on a hotel called cityroomz?,restaurant,NONE,{},[]
PMUL4777.json,I want to know if there are any places serving Belgian food in the centre?,restaurant,find_restaurant,"{'restaurant-area': ['centre'], 'restaurant-food': ['belgian']}",[]
SNG0842.json,Are there any proper hotels in the south?,restaurant,NONE,{},[]
MUL0780.json,I need to go to stansted airport and I want to leave on Monday,restaurant,NONE,{},[]
SNG0788.json,Hi there. I was wondering if you might be able to help me locate a guesthouse to stay at in town.,restaurant,NONE,{},[]
PMUL4476.json,I'm looking for a place to stay that has 4 stars and includes free parking.,restaurant,NONE,{},[]
WOZ20411.json,I am looking for a restaurant in the center of town that serves Russian food.,restaurant,find_restaurant,"{'restaurant-area': ['centre'], 'restaurant-food': ['russian']}",[]
WOZ20520.json,I need a cheap restuarant. Probably in the west part of town,restaurant,find_restaurant,"{'restaurant-area': ['west'], 'restaurant-pricerange': ['cheap']}",[]
PMUL0305.json,I'm looking for a place to eat in Cambridge. I'd like to eat light bites in the mid price range please.,restaurant,find_restaurant,"{'restaurant-food': ['light bites'], 'restaurant-pricerange': ['moderate']}",[]
PMUL4472.json,Find me a place to dine on some cheap foods from the americas please.,restaurant,find_restaurant,"{'restaurant-food': ['the americas'], 'restaurant-pricerange': ['cheap']}",[]
PMUL0895.json,I'm looking for a restaurant in the north.,restaurant,find_restaurant,{'restaurant-area': ['north']},[]
PMUL1033.json,I will be departing out of Stevenage.,restaurant,NONE,{},[]
MUL1115.json,Yes I would like information on Clare hall.,attraction,find_attraction,{'attraction-name': ['clare hall']},[]
MUL0121.json,"While I am visiting Cambridge, I would like to stay at the Ashley Hotel. Where is it located?",restaurant,NONE,{},[]
WOZ20619.json,I would like a restaurant in the north part of town that serves australasian food,restaurant,find_restaurant,"{'restaurant-area': ['north'], 'restaurant-food': ['australasian', 'australian']}",[]
MUL0726.json,I've heard good things about the Acorn guest house. Could you find it for me?,restaurant,NONE,{},[]
PMUL0047.json,Hi! I'm planning my trip to Cambridge and I was wondering if you had information on any Mediterranean restaurants located in the centre of Cambridge?,restaurant,find_restaurant,"{'restaurant-area': ['centre'], 'restaurant-food': ['mediterranean']}",[]
MUL1644.json,I need to leave on Monday and arrive by 17:45.,restaurant,find_restaurant,{},[]
PMUL2171.json,"Hi, can you help me with some information on places to go in town?",restaurant,NONE,{},[]
PMUL2221.json,What kind of cool attractions to we have in town? Maybe in the water.,attraction,find_attraction,{'attraction-type': ['swimmingpool']},[]
PMUL3365.json,My destination is going to be stansted airport,restaurant,NONE,{},[]
MUL1029.json,Yes I am looking for a place to stay that includes free wifi. I would prefer a guesthouse.,restaurant,NONE,{},[]
MUL0924.json,I am looking for a restaurant called thanh binh in Cambridge.,restaurant,find_restaurant,{'restaurant-name': ['thanh binh']},[]
WOZ20481.json,I would like a moderately priced restaurant in the north part of town,restaurant,find_restaurant,"{'restaurant-area': ['north'], 'restaurant-pricerange': ['moderate']}",[]
MUL1200.json,I am looking for an entertainment attraction in the centre of town.,attraction,find_attraction,"{'attraction-area': ['centre'], 'attraction-type': ['entertainment']}",[]
MUL2085.json,I need to leave from Cambridge and arrive by 14:30 in Bishops Stortford.,restaurant,NONE,{},[]
PMUL0140.json,I'm looking for an expensive indian restaurant.,restaurant,find_restaurant,"{'restaurant-food': ['indian'], 'restaurant-pricerange': ['expensive']}",[]
WOZ20458.json,I would like a restaurant in the east part of town that serves gastropub food,restaurant,find_restaurant,"{'restaurant-area': ['east'], 'restaurant-food': ['gastropub']}",[]
PMUL0341.json,I am looking for information on a hotel called Carolina Bed and Breakfast.,restaurant,NONE,{},[]
PMUL3487.json,I'm planning a trip and am looking for a place to stay. Can you help me with that?,restaurant,NONE,{},[]
PMUL3792.json,I am looking for information in Cambridge,restaurant,find_restaurant,{'restaurant-area': ['centre']},[]
SNG01445.json,I was robbed a few minutes ago and need assistance.,restaurant,NONE,{},[]
MUL0195.json,Can you find me a place with free parking to stay in the centre?,restaurant,find_restaurant,{},[]
PMUL1030.json,I am going to stevenage on saturday.,restaurant,NONE,{},[]
PMUL4373.json,Monday. I need to leave after 18:15,restaurant,NONE,{},[]
PMUL2400.json,I am looking to visit the centre while I am here. What types of attractions are available for tourists?,attraction,find_attraction,{'attraction-area': ['centre']},[]
MUL1931.json,I'll be leaving monday and the departure time doesn't matter.,restaurant,NONE,{},[]
MUL2217.json,Could you help me find a 0 star lodging with free parking?,restaurant,NONE,{},[]
PMUL2214.json,I'm looking to visit a museum in Cambridge. Can you tell me a little about what you have?,attraction,find_attraction,{'attraction-type': ['museum']},[]
SNG01906.json,I Am injured and are looking for a hospital nearby,restaurant,NONE,{},[]
PMUL0493.json,"Hello, I am in need of a 4 star place to stay in the north,please.",restaurant,find_restaurant,{},[]
PMUL3338.json,Can you assist me with booking one?,restaurant,NONE,{},[]
MUL0245.json,Can you find me a Turkish restaurant in the expensive price range please?,restaurant,find_restaurant,"{'restaurant-food': ['turkish'], 'restaurant-pricerange': ['expensive']}",[]
MUL2047.json,I would definitely like to arrive by 14:45 at the latest.,restaurant,NONE,{},[]
SNG0124.json,I'm looking for the Parkside Police Station please.,restaurant,NONE,{},[]
SSNG0397.json,I want to find a place to stay in the north with free parking.,restaurant,NONE,{},[]
PMUL3814.json,"I'm planning a trip to Cambridge and need a 4 star place with wifi to stay. It doesn't matter if its a hotel or guesthouse, just 4 star please.",restaurant,NONE,{},[]
MUL0441.json,Okay. Can you book that for me please?,restaurant,NONE,{},[]
PMUL1425.json,Can you find me an attraction in the centre?,attraction,find_attraction,{'attraction-area': ['centre']},[]
WOZ20610.json,I would like a restaurant in the west part of town that serves international food,restaurant,find_restaurant,"{'restaurant-area': ['west'], 'restaurant-food': ['international']}",[]
PMUL0500.json,I'm looking for a four star place to stay.,restaurant,NONE,{},[]
PMUL0125.json,I need to find a moderately priced place to stay.,restaurant,NONE,{},[]
SNG0366.json,To Birmingham new street on Wednesday.,restaurant,NONE,{},[]
PMUL3284.json,Can you let me knows about what architecture is available ot visit in south cambridge?,attraction,find_attraction,"{'attraction-area': ['south'], 'attraction-type': ['architecture']}",[]
MUL0495.json,I'm looking for the Cambridge Contemporary Art.,attraction,find_attraction,{'attraction-name': ['cambridge contemporary art']},[]
PMUL2352.json,I'd like to find an attraction to visit. Something in the west.,attraction,find_attraction,{'attraction-area': ['west']},[]
SNG01307.json,Hi! I need to find the Parkside Police station please.,restaurant,NONE,{},[]
PMUL4942.json,"Hello, I'm looking for an expensive restaurant that serves british food please",restaurant,find_restaurant,"{'restaurant-food': ['british'], 'restaurant-pricerange': ['expensive']}",[]
WOZ20047.json,I need to find a restaurant in the north side of town,restaurant,find_restaurant,{'restaurant-area': ['north']},[]
PMUL2963.json,"Hello, I'm looking for places to go in town when I visit Cambridge. What kind of entertainment attractions are there available in the centre?",attraction,find_attraction,"{'attraction-area': ['centre'], 'attraction-type': ['entertainment']}",[]
SSNG0270.json,"I need to find a moderately priced guesthouse, please.",restaurant,NONE,{},[]
MUL0140.json,I'm looking for a nice guesthouse to stay at during my trip to Cambridge. Anything with a 4 star rating will do.,restaurant,NONE,{},[]
PMUL1302.json,I am going to Cambridge and leaving from Stevenage.,restaurant,NONE,{},[]
SSNG0274.json,I need a place to stay that has free wifi please.,restaurant,NONE,{},[]
SNG0047.json,"I need a Taxi, I want it to go to carolina bed and breakfast, arriving for my reservation at 4:00.",restaurant,NONE,{},[]
PMUL2732.json,"There is a place I want to see, can you help me?",restaurant,NONE,{},[]
PMUL3501.json,"Hi, I could use some help with information on places to stay.",restaurant,NONE,{},[]
PMUL1561.json,I am looking for a hotel with a star of four with free wifi.,restaurant,NONE,{},[]
PMUL3055.json,I would like to go to Cambridge,restaurant,NONE,{},[]
SNG02163.json,I need information on Addenbrookes Hospital please.,restaurant,NONE,{},[]
SNG1229.json,I am looking for the price range of the hotel Finches bed and breakfast.,restaurant,NONE,{},[]
WOZ20541.json,Can you help me find a Russian restaurant?,restaurant,find_restaurant,{'restaurant-food': ['russian']},[]
SNG0138.json,I was in a car accident dispute and need help regarding it,restaurant,NONE,{},[]
WOZ20471.json,What kind of restaurants are on the east side of town?,restaurant,find_restaurant,{'restaurant-area': ['east']},[]
PMUL2528.json,Can you direct me to hotel in the west end? Ideally one with free parking?,restaurant,NONE,{},[]
MUL0585.json,I am looking for places to on the south side of town.,attraction,find_attraction,{'attraction-area': ['south']},[]
SNG01897.json,I need to arrive by 22:00.,restaurant,NONE,{},[]
WOZ20422.json,I'm looking for a steakhouse restaurant in the east part of town.,restaurant,find_restaurant,"{'restaurant-area': ['east'], 'restaurant-food': ['steakhouse']}",[]
PMUL4838.json,What can you tell me about the bangkok city restaurant?,restaurant,find_restaurant,{'restaurant-name': ['bangkok city']},[]
SSNG0300.json,"I dont want wifi, just somewhere with four stars.",restaurant,NONE,{},[]
PMUL2698.json,i am looking for a place to stay. it should be a 4 star and expensive,restaurant,NONE,{},[]
MUL1391.json,I'm looking for an expensive British restaurant.,restaurant,find_restaurant,"{'restaurant-food': ['british'], 'restaurant-pricerange': ['expensive']}",[]
SNG1082.json,I want to go visit a college in the east part of town please.,attraction,find_attraction,"{'attraction-area': ['east'], 'attraction-type': ['college']}",[]
PMUL3307.json,"Hi, I'm looking for information on a restaurant called efes. What type of food do they serve and will I need reservations?",restaurant,book_restaurant,"{'restaurant-name': ['efes', 'efes restaurant']}",[]
SNG0487.json,I am looking for a cheap restaurant in the centre of town.,restaurant,find_restaurant,"{'restaurant-area': ['centre'], 'restaurant-pricerange': ['cheap']}",[]
PMUL0011.json,I am looking for a place to dine in the Centre. Can you help me?,restaurant,find_restaurant,{'restaurant-area': ['centre']},[]
PMUL3670.json,Yes I will be leaving on Tuesday.,restaurant,NONE,{},[]
SNG02190.json,Someone just robbed me! I need some help urgently please!,restaurant,NONE,{},[]
SNG02113.json,Please connect me to the Parkside Police Station.,restaurant,NONE,{},[]
SNG1117.json,I'd like to visit a college in the center of town. Could you help me find something interesting?,attraction,find_attraction,"{'attraction-area': ['centre'], 'attraction-type': ['college']}",[]
PMUL3045.json,I'm looking for information on a hotel called the lensfield hotel.,restaurant,NONE,{},[]
SNG0169.json,I got injured and need directions for the clinical decisions unit department,hospital,find_hospital,{'hospital-department': ['clinical decisions unit']},[]
PMUL2312.json,I would like to go to a nightclub in the centre.,attraction,find_attraction,"{'attraction-area': ['centre'], 'attraction-type': ['nightclub']}",[]
MUL2132.json,Hello. I would like some information about the Aylesbray lodge guest house.,restaurant,NONE,{},[]
SNG02042.json,I am heading to Cambridge.,restaurant,NONE,{},[]
SNG1370.json,I want to go to the cambridge punter.,restaurant,NONE,{},[]
SSNG0004.json,"What's available in the centre, in the way of cheap places to eat?",restaurant,find_restaurant,"{'restaurant-area': ['centre'], 'restaurant-pricerange': ['cheap']}",[]
PMUL0560.json,"I would like to depart from Cambridge, and I'm headed to Birmingham New Street.",restaurant,NONE,{},[]
WOZ20614.json,I am looking for a restaurant in the north part of town that is in the cheap price range.,restaurant,find_restaurant,"{'restaurant-area': ['north'], 'restaurant-pricerange': ['cheap']}",[]
MUL1882.json,I would like to arrive by 11:00 in Cambridge.,restaurant,NONE,{},[]
PMUL0317.json,I'm looking for a moderately priced place to stay.,restaurant,find_restaurant,{},[]
SSNG0177.json,"I'm looking for a restaurant my friend recommended, I think she called it the Curry Prince.",restaurant,find_restaurant,{'restaurant-name': ['curry prince']},[]
SNG1096.json,I am trying to find a really neat museum to visit. Would you be able to tell me whats available out there?,attraction,find_attraction,{'attraction-type': ['museum']},[]
WOZ20237.json,What is the address and phone number of a cheap restaurant in the north part of town?,restaurant,find_restaurant,"{'restaurant-area': ['north'], 'restaurant-pricerange': ['cheap']}","['restaurant-phone', 'restaurant-address']"
SNG1259.json,Thank you. That is all i needed.,restaurant,NONE,{},[]
SNG02334.json,Where is the nearest hospital?,restaurant,NONE,{},[]
SNG01220.json,"I've been injured and I need a hospital near me, one with a coronary care unit department please!",hospital,find_hospital,{'hospital-department': ['coronary care unit']},[]
PMUL1177.json,I would like to travel from Norwich to Cambridge. Are there any leaving after 21:00?,restaurant,NONE,{},[]
PMUL3128.json,Can you help me find a restaurant in the centre?,restaurant,find_restaurant,{'restaurant-area': ['centre']},[]
PMUL4536.json,Can you find a hotel named Worth House for me? Thanks.,restaurant,NONE,{},[]
MUL0984.json,Hi! I am looking to find information about the Cambridge University Botanic gardens.,attraction,find_attraction,{'attraction-name': ['cambridge university botanic gardens']},[]
PMUL0175.json,"Greetings, got any British food places in town?",restaurant,find_restaurant,{'restaurant-food': ['british']},[]
PMUL4394.json,Monday leaving after 8:00.,restaurant,find_restaurant,{},[]
SNG0914.json,"Good afternoon, can you help me find an expensive place to stay in the town centre?",restaurant,NONE,{},[]
MUL1384.json,"Hello, can you recommend an expensive restaurant in Cambridge?",restaurant,find_restaurant,{'restaurant-pricerange': ['expensive']},[]
PMUL4334.json,Can you help me find a 4 star hotel to stay at?,restaurant,NONE,{},[]
SNG01895.json,I am looking for the Parkside Police Station,restaurant,NONE,{},[]
PMUL3404.json,I am looking for information in Cambridge.,restaurant,NONE,{},[]
PMUL3090.json,I'm looking for an expensive restaurant in the centre,restaurant,find_restaurant,"{'restaurant-area': ['centre'], 'restaurant-pricerange': ['expensive']}",[]
SSNG0301.json,I need a guesthouse please.,restaurant,NONE,{},[]
SSNG0008.json,Can you find me an expensive restaurant in the centre?,restaurant,find_restaurant,"{'restaurant-area': ['centre'], 'restaurant-pricerange': ['expensive']}",[]
SNG1077.json,Are there any theatres in town?,attraction,find_attraction,{'attraction-type': ['theatre']},[]
SNG0194.json,I'm looking for the Addenbrookes Hospital and need to contact the haematology and haematological oncology department.,hospital,find_hospital,{'hospital-department': ['haematology and haematological oncology']},[]
PMUL2516.json,"I'd like to attend an architecture related attraction in the centre, do you have anything of that nature?",attraction,find_attraction,"{'attraction-area': ['centre'], 'attraction-type': ['architecture']}",[]
SNG0145.json,Help! I was in a car accident dispute!,restaurant,NONE,{},[]
PMUL2302.json,"Hello, can you help me locate swimming pools on the east side of Cambridge?",attraction,find_attraction,"{'attraction-area': ['east'], 'attraction-type': ['swimmingpool']}",[]
PMUL2965.json,"Hello, I am looking for a museum in Cambridge. What museums are there?",attraction,find_attraction,"{'attraction-area': ['dontcare'], 'attraction-type': ['museum']}",[]
PMUL4240.json,I am planning a trip in Cambridge,restaurant,NONE,{},[]
SNG1149.json,My brother told me about this attraction place called Abbey Pool and Astroturf Pitch. Would you be able to tell me where it is?,attraction,find_attraction,{'attraction-name': ['abbey pool and astroturf pitch']},[]
PMUL3185.json,I'm looking for some information about places to go in Cambridge.,restaurant,NONE,{},[]
SSNG0146.json,Hi! I need a restaurant that serves Chinese food please!,restaurant,find_restaurant,{'restaurant-food': ['chinese']},[]
PMUL1443.json,"I am looking for boating places can town, can you tell me if there are any available?",attraction,find_attraction,{'attraction-type': ['boat']},[]
SSNG0084.json,Can you help me find a restaurant please?,restaurant,find_restaurant,{},[]
PMUL4257.json,"Hello, do you know of any boat attractions in the East of town?",attraction,find_attraction,"{'attraction-area': ['east'], 'attraction-type': ['boat']}",[]
WOZ20451.json,I am looking for a moderately priced restaurant in the south part of town.,restaurant,find_restaurant,"{'restaurant-area': ['south'], 'restaurant-pricerange': ['moderate']}",[]
MUL0400.json,I would like to go to cambridge and arrive by 12:30.,restaurant,NONE,{},[]
MUL0572.json,"I will go with the earlier departure, and I would like 2 seats please. I will also need a reference number.",restaurant,NONE,{},[]
PMUL1915.json,Find me a place to stay. I need a hotel in the moderate price range with a star of 4.,restaurant,NONE,{},[]
MUL1953.json,"Hi, could you tell me if Cambridge Book and Print Gallery is still open?",attraction,find_attraction,{'attraction-name': ['cambridge book and print gallery']},[]
MUL2158.json,To Broxbourne.,restaurant,NONE,{},[]
PMUL3196.json,I would like a restaurant in the south in the expensive range.,restaurant,find_restaurant,"{'restaurant-area': ['south'], 'restaurant-pricerange': ['expensive']}",[]
SNG01277.json,I need to leave from Peterborough.,restaurant,NONE,{},[]
MUL0645.json,I am looking for moderately-priced three-star guesthouse in Cambridge.,restaurant,NONE,{},[]
PMUL3452.json,Anytime after 21:45 is good.,restaurant,NONE,{},[]
SNG1028.json,Hi I'd like to find a hotel to stay in. Somewhere with free wi-fi.,restaurant,NONE,{},[]
PMUL0970.json,I'm looking for a cheap place to eat.,restaurant,find_restaurant,{'restaurant-pricerange': ['cheap']},[]
WOZ20441.json,"Hello, I am looking for a moderately priced restaurant on the west side of town.",restaurant,find_restaurant,"{'restaurant-area': ['west'], 'restaurant-pricerange': ['moderate']}",[]
MUL2345.json,Find me a modern european restaurant in the south.,restaurant,find_restaurant,"{'restaurant-area': ['south'], 'restaurant-food': ['modern european']}",[]
PMUL3305.json,i'm looking for places to go in town,restaurant,NONE,{},[]
SNG01831.json,I am looking for the Parkside Police Station,restaurant,NONE,{},[]
SNG1006.json,"I'm looking for a hotel to stay at in the centre, can you look this up for me?",restaurant,NONE,{},[]
SNG1123.json,I would like to visit some of the architecture here in town. Can you help me with this?,attraction,find_attraction,{'attraction-type': ['architecture']},[]
SNG0925.json,"Hi, can you help me find a moderately priced 3-star accomadation?",restaurant,NONE,{},[]
MUL1853.json,Yes please. I will need 5 seats.,restaurant,NONE,{},[]
WOZ20361.json,"I would like the phone number of an expensive restaurant on the east side of town, please.",restaurant,find_restaurant,"{'restaurant-area': ['east'], 'restaurant-pricerange': ['expensive']}",['restaurant-phone']
WOZ20469.json,"Hello, I am looking for a cheap restaurant that serves german food.",restaurant,find_restaurant,"{'restaurant-food': ['german'], 'restaurant-pricerange': ['cheap']}",[]
